<?xml version="1.0" encoding="utf-8"?><?workdir /X:\learningDITA\vortragMetadaten\beispiele\samples\concepts\temp\topic-pdf\tasks?><?workdir-uri file:/X:/learningDITA/vortragMetadaten/beispiele/samples/concepts/temp/topic-pdf/tasks/?><?path2project ..\topic-pdf\?><?path2project-uri ../topic-pdf/?><?path2rootmap-uri ../concepts/?><?doctype-public -//OASIS//DTD DITA Task//EN?><?doctype-system task.dtd?><task xmlns:ditaarch="http://dita.oasis-open.org/architecture/2005/" xmlns:dita-ot="http://dita-ot.sourceforge.net/ns/201007/dita-ot" id="changeoil" xml:lang="en-us" ditaarch:DITAArchVersion="1.3" domains="(topic task)                            (topic abbrev-d)                            a(props deliveryTarget)                            (topic equation-d)                            (topic hazard-d)                            (topic hi-d)                            (topic indexing-d)                            (topic markup-d)                            (topic mathml-d)                            (topic pr-d)                            (topic relmgmt-d)                            (topic sw-d)                            (topic svg-d)                            (topic ui-d)                            (topic ut-d)                            (topic markup-d xml-d)                            (topic task strictTaskbody-c)   " class="- topic/topic task/task " xtrf="file:/X:/learningDITA/vortragMetadaten/beispiele/samples/tasks/changingtheoil.xml" xtrc="task:1;6:39">
  <title class="- topic/title " xtrf="file:/X:/learningDITA/vortragMetadaten/beispiele/samples/tasks/changingtheoil.xml" xtrc="title:1;7:10">Changing the oil in your car</title>
  <shortdesc class="- topic/shortdesc " xtrf="file:/X:/learningDITA/vortragMetadaten/beispiele/samples/tasks/changingtheoil.xml" xtrc="shortdesc:1;8:14">Once every 6000 kilometers or three months, change the oil in your car.</shortdesc>
  <prolog class="- topic/prolog " xtrf="file:/X:/learningDITA/vortragMetadaten/beispiele/samples/tasks/changingtheoil.xml" xtrc="prolog:1;9:11">
    <metadata class="- topic/metadata " xtrf="file:/X:/learningDITA/vortragMetadaten/beispiele/samples/metadata_module.dita" xtrc="metadata:1;6:33">
            <prodinfo class="- topic/prodinfo " xtrf="file:/X:/learningDITA/vortragMetadaten/beispiele/samples/metadata_module.dita" xtrc="prodinfo:1;7:23">
                <prodname class="- topic/prodname " xtrf="file:/X:/learningDITA/vortragMetadaten/beispiele/samples/metadata_module.dita" xtrc="prodname:1;8:27">Super Oil</prodname>
                <brand class="- topic/brand " xtrf="file:/X:/learningDITA/vortragMetadaten/beispiele/samples/metadata_module.dita" xtrc="brand:1;9:24">Oilix</brand>
                <series class="- topic/series " xtrf="file:/X:/learningDITA/vortragMetadaten/beispiele/samples/metadata_module.dita" xtrc="series:1;10:25">Motor Wellness</series>
            </prodinfo>            
        </metadata>
  </prolog>
  <taskbody class="- topic/body task/taskbody " xtrf="file:/X:/learningDITA/vortragMetadaten/beispiele/samples/tasks/changingtheoil.xml" xtrc="taskbody:1;12:13">
    <context class="- topic/section task/context " xtrf="file:/X:/learningDITA/vortragMetadaten/beispiele/samples/tasks/changingtheoil.xml" xtrc="context:1;13:14">
      <p class="- topic/p " xtrf="file:/X:/learningDITA/vortragMetadaten/beispiele/samples/tasks/changingtheoil.xml" xtrc="p:1;14:10">Changing the oil regularly will help keep the engine in good condition. </p>
    </context>
    <steps class="- topic/ol task/steps " xtrf="file:/X:/learningDITA/vortragMetadaten/beispiele/samples/tasks/changingtheoil.xml" xtrc="steps:1;16:12">
      <stepsection class="- topic/li task/stepsection " xtrf="file:/X:/learningDITA/vortragMetadaten/beispiele/samples/tasks/changingtheoil.xml" xtrc="stepsection:1;17:20">To change the oil:</stepsection>
      <step class="- topic/li task/step " xtrf="file:/X:/learningDITA/vortragMetadaten/beispiele/samples/tasks/changingtheoil.xml" xtrc="step:1;18:13">
        <cmd class="- topic/ph task/cmd " xtrf="file:/X:/learningDITA/vortragMetadaten/beispiele/samples/tasks/changingtheoil.xml" xtrc="cmd:1;19:14">Remove the old oil filter.</cmd>
      </step>
      <step class="- topic/li task/step " xtrf="file:/X:/learningDITA/vortragMetadaten/beispiele/samples/tasks/changingtheoil.xml" xtrc="step:2;21:13">
        <cmd class="- topic/ph task/cmd " xtrf="file:/X:/learningDITA/vortragMetadaten/beispiele/samples/tasks/changingtheoil.xml" xtrc="cmd:2;22:14">Drain the old oil.</cmd>
      </step>
      <step class="- topic/li task/step " xtrf="file:/X:/learningDITA/vortragMetadaten/beispiele/samples/tasks/changingtheoil.xml" xtrc="step:3;24:13">
        <cmd class="- topic/ph task/cmd " xtrf="file:/X:/learningDITA/vortragMetadaten/beispiele/samples/tasks/changingtheoil.xml" xtrc="cmd:3;25:14">Install a new oil filter and gasket.</cmd>
      </step>
      <step class="- topic/li task/step " xtrf="file:/X:/learningDITA/vortragMetadaten/beispiele/samples/tasks/changingtheoil.xml" xtrc="step:4;27:13">
        <cmd class="- topic/ph task/cmd " xtrf="file:/X:/learningDITA/vortragMetadaten/beispiele/samples/tasks/changingtheoil.xml" xtrc="cmd:4;28:14">Add new oil to the engine.</cmd>
      </step>
      <step class="- topic/li task/step " xtrf="file:/X:/learningDITA/vortragMetadaten/beispiele/samples/tasks/changingtheoil.xml" xtrc="step:5;30:13">
        <cmd class="- topic/ph task/cmd " xtrf="file:/X:/learningDITA/vortragMetadaten/beispiele/samples/tasks/changingtheoil.xml" xtrc="cmd:5;31:14">Check the air filter and replace or clean it.</cmd>
      </step>
      <step class="- topic/li task/step " xtrf="file:/X:/learningDITA/vortragMetadaten/beispiele/samples/tasks/changingtheoil.xml" xtrc="step:6;33:13">
        <cmd class="- topic/ph task/cmd " xtrf="file:/X:/learningDITA/vortragMetadaten/beispiele/samples/tasks/changingtheoil.xml" xtrc="cmd:6;34:14">Top up the windshield washer fluid.</cmd>
      </step>
    </steps>
  </taskbody>
  <related-links class="- topic/related-links " xtrf="file:/X:/learningDITA/vortragMetadaten/beispiele/samples/tasks/changingtheoil.xml" xtrc="related-links:1;38:18">
    <link href="../concepts/oil.xml" format="dita" type="concept" class="- topic/link " xtrf="file:/X:/learningDITA/vortragMetadaten/beispiele/samples/tasks/changingtheoil.xml" xtrc="link:1;39:68"><?ditaot gentext?><linktext class="- topic/linktext ">Oil</linktext><?ditaot genshortdesc?><desc class="- topic/desc ">Motor oil keeps your car's engine running smoothly.</desc></link>
    <link href="../concepts/wwfluid.xml" format="dita" type="concept" class="- topic/link " xtrf="file:/X:/learningDITA/vortragMetadaten/beispiele/samples/tasks/changingtheoil.xml" xtrc="link:2;40:72"><?ditaot gentext?><linktext class="- topic/linktext ">Windshield washer fluid</linktext><?ditaot genshortdesc?><desc class="- topic/desc ">Windshield washer fluid is required to keep your windshield wipers functioning properly.</desc></link>
  </related-links>
</task>