<?xml version="1.0" encoding="UTF-8"?><?workdir /X:\learningDITA\vortragMetadaten\beispiele\samples\temp\topic-xhtml\tasks?><?workdir-uri file:/X:/learningDITA/vortragMetadaten/beispiele/samples/temp/topic-xhtml/tasks/?><?path2project ..\?><?path2project-uri ../?><?path2rootmap-uri ../?><?doctype-public -//OASIS//DTD DITA Concept//EN?><?doctype-system concept.dtd?><concept xmlns:ditaarch="http://dita.oasis-open.org/architecture/2005/" xmlns:dita-ot="http://dita-ot.sourceforge.net/ns/201007/dita-ot" class="- topic/topic concept/concept " ditaarch:DITAArchVersion="1.3" domains="(topic concept)                            (topic abbrev-d)                            a(props deliveryTarget)                            (topic equation-d)                            (topic hazard-d)                            (topic hi-d)                            (topic indexing-d)                            (topic markup-d)                            (topic mathml-d)                            (topic pr-d)                            (topic relmgmt-d)                            (topic sw-d)                            (topic svg-d)                            (topic ui-d)                            (topic ut-d)                            (topic markup-d xml-d)   " id="taskconcept" xml:lang="en-us" xtrc="concept:1;6:44" xtrf="file:/X:/learningDITA/vortragMetadaten/beispiele/samples/tasks/garagetaskoverview.xml">
  <title class="- topic/title " xtrc="title:1;7:10" xtrf="file:/X:/learningDITA/vortragMetadaten/beispiele/samples/tasks/garagetaskoverview.xml">Garage Tasks</title>
  <shortdesc class="- topic/shortdesc " xtrc="shortdesc:1;8:14" xtrf="file:/X:/learningDITA/vortragMetadaten/beispiele/samples/tasks/garagetaskoverview.xml">When you go into the garage, be prepared to get your hands dirty!</shortdesc><prolog class="- topic/prolog "><author class="- topic/author " xtrc="author:1;9:13" xtrf="file:/X:/learningDITA/vortragMetadaten/beispiele/samples/hierarchy.ditamap">Max Mustermann</author></prolog>
  <conbody class="- topic/body  concept/conbody " xtrc="conbody:1;9:13" xtrf="file:/X:/learningDITA/vortragMetadaten/beispiele/samples/tasks/garagetaskoverview.xml"/>
<related-links class="- topic/related-links "><linkpool class="- topic/linkpool " xtrc="topicref:2;23:64" xtrf="file:/X:/learningDITA/vortragMetadaten/beispiele/samples/hierarchy.ditamap"><linkpool class="- topic/linkpool " xtrc="topicref:2;23:64" xtrf="file:/X:/learningDITA/vortragMetadaten/beispiele/samples/hierarchy.ditamap"><link class="- topic/link " format="dita" href="../tasks/changingtheoil.xml" mapclass="- map/topicref " role="child" scope="local" type="task" xtrc="topicref:3;24:60" xtrf="file:/X:/learningDITA/vortragMetadaten/beispiele/samples/hierarchy.ditamap"><?ditaot usertext?><linktext class="- topic/linktext "><?ditaot gentext?>Changing the oil in your car</linktext><?ditaot genshortdesc?><desc class="- topic/desc ">Once every 6000 kilometers or three months, change the oil in your car.</desc></link><link class="- topic/link " format="dita" href="../tasks/organizing.xml" mapclass="- map/topicref " role="child" scope="local" type="task" xtrc="topicref:4;25:56" xtrf="file:/X:/learningDITA/vortragMetadaten/beispiele/samples/hierarchy.ditamap"><?ditaot usertext?><linktext class="- topic/linktext "><?ditaot gentext?>Organizing the workbench and tools</linktext><?ditaot genshortdesc?><desc class="- topic/desc ">Keep your garage neat by organizing the things you keep in the garage.</desc></link><link class="- topic/link " format="dita" href="../tasks/shovellingsnow.xml" mapclass="- map/topicref " role="child" scope="local" type="task" xtrc="topicref:5;26:60" xtrf="file:/X:/learningDITA/vortragMetadaten/beispiele/samples/hierarchy.ditamap"><?ditaot usertext?><linktext class="- topic/linktext "><?ditaot gentext?>Shovelling snow</linktext><?ditaot genshortdesc?><desc class="- topic/desc ">Keep your driveway and sidewalks clear of snow and ice by shovelling after any snowfall.</desc></link><link class="- topic/link " format="dita" href="../tasks/spraypainting.xml" mapclass="- map/topicref " role="child" scope="local" type="task" xtrc="topicref:6;27:59" xtrf="file:/X:/learningDITA/vortragMetadaten/beispiele/samples/hierarchy.ditamap"><?ditaot usertext?><linktext class="- topic/linktext "><?ditaot gentext?>Spray painting</linktext><?ditaot genshortdesc?><desc class="- topic/desc ">When paint is applied using a spray nozzle, it is referred to as spray painting.</desc></link><link class="- topic/link " format="dita" href="../tasks/takinggarbage.xml" mapclass="- map/topicref " role="child" scope="local" type="task" xtrc="topicref:7;28:59" xtrf="file:/X:/learningDITA/vortragMetadaten/beispiele/samples/hierarchy.ditamap"><?ditaot usertext?><linktext class="- topic/linktext "><?ditaot gentext?>Taking out the garbage</linktext><?ditaot genshortdesc?><desc class="- topic/desc ">Regular garbage removal is necessary for the proper functioning of a home.</desc></link><link audience="cleaner" class="- topic/link " format="dita" href="../tasks/washingthecar.xml" mapclass="- map/topicref " role="child" scope="local" type="task" xtrc="topicref:8;29:78" xtrf="file:/X:/learningDITA/vortragMetadaten/beispiele/samples/hierarchy.ditamap"><?ditaot usertext?><linktext class="- topic/linktext "><?ditaot gentext?>Washing the car</linktext><?ditaot genshortdesc?><desc class="- topic/desc ">Keep your car looking great by washing it regularly.</desc></link></linkpool></linkpool></related-links></concept>