<?xml version="1.0" encoding="UTF-8"?><?workdir /X:\learningDITA\vortragMetadaten\beispiele\samples\temp\topic-xhtml\tasks?><?workdir-uri file:/X:/learningDITA/vortragMetadaten/beispiele/samples/temp/topic-xhtml/tasks/?><?path2project ..\?><?path2project-uri ../?><?path2rootmap-uri ../?><?doctype-public -//OASIS//DTD DITA Task//EN?><?doctype-system task.dtd?><task xmlns:ditaarch="http://dita.oasis-open.org/architecture/2005/" xmlns:dita-ot="http://dita-ot.sourceforge.net/ns/201007/dita-ot" class="- topic/topic task/task " ditaarch:DITAArchVersion="1.3" domains="(topic task)                            (topic abbrev-d)                            a(props deliveryTarget)                            (topic equation-d)                            (topic hazard-d)                            (topic hi-d)                            (topic indexing-d)                            (topic markup-d)                            (topic mathml-d)                            (topic pr-d)                            (topic relmgmt-d)                            (topic sw-d)                            (topic svg-d)                            (topic ui-d)                            (topic ut-d)                            (topic markup-d xml-d)                            (topic task strictTaskbody-c)   " id="shovellingsnow" product="shovel" xml:lang="en-us" xtrc="task:1;6:61" xtrf="file:/X:/learningDITA/vortragMetadaten/beispiele/samples/tasks/shovellingsnow.xml">
  <title class="- topic/title " xtrc="title:1;7:10" xtrf="file:/X:/learningDITA/vortragMetadaten/beispiele/samples/tasks/shovellingsnow.xml">Shovelling snow</title>
  <shortdesc class="- topic/shortdesc " xtrc="shortdesc:1;8:14" xtrf="file:/X:/learningDITA/vortragMetadaten/beispiele/samples/tasks/shovellingsnow.xml">Keep your driveway and sidewalks clear of snow and ice by shovelling after any snowfall.</shortdesc>
  <prolog class="- topic/prolog " xtrc="prolog:1;9:11" xtrf="file:/X:/learningDITA/vortragMetadaten/beispiele/samples/tasks/shovellingsnow.xml">
    <author class="- topic/author " xtrc="author:1;9:13" xtrf="file:/X:/learningDITA/vortragMetadaten/beispiele/samples/hierarchy.ditamap">Max Mustermann</author><metadata class="- topic/metadata " xtrc="metadata:1;10:15" xtrf="file:/X:/learningDITA/vortragMetadaten/beispiele/samples/tasks/shovellingsnow.xml">
      <keywords class="- topic/keywords " xtrc="keywords:1;11:17" xtrf="file:/X:/learningDITA/vortragMetadaten/beispiele/samples/tasks/shovellingsnow.xml">
        <indexterm class="- topic/indexterm " xtrc="indexterm:1;12:20" xtrf="file:/X:/learningDITA/vortragMetadaten/beispiele/samples/tasks/shovellingsnow.xml">winter</indexterm>
        <indexterm class="- topic/indexterm " xtrc="indexterm:2;13:20" xtrf="file:/X:/learningDITA/vortragMetadaten/beispiele/samples/tasks/shovellingsnow.xml">accident prevention</indexterm>
      </keywords>
    </metadata>
  </prolog>
  <taskbody class="- topic/body task/taskbody " xtrc="taskbody:1;17:13" xtrf="file:/X:/learningDITA/vortragMetadaten/beispiele/samples/tasks/shovellingsnow.xml">
    <steps class="- topic/ol task/steps " xtrc="steps:1;18:12" xtrf="file:/X:/learningDITA/vortragMetadaten/beispiele/samples/tasks/shovellingsnow.xml">
      <step class="- topic/li task/step " xtrc="step:1;19:13" xtrf="file:/X:/learningDITA/vortragMetadaten/beispiele/samples/tasks/shovellingsnow.xml">
        <cmd class="- topic/ph task/cmd " xtrc="cmd:1;20:14" xtrf="file:/X:/learningDITA/vortragMetadaten/beispiele/samples/tasks/shovellingsnow.xml">Get the shovel out of the garage</cmd>
      </step>
      <step class="- topic/li task/step " xtrc="step:2;22:13" xtrf="file:/X:/learningDITA/vortragMetadaten/beispiele/samples/tasks/shovellingsnow.xml">
        <cmd class="- topic/ph task/cmd " xtrc="cmd:2;23:14" xtrf="file:/X:/learningDITA/vortragMetadaten/beispiele/samples/tasks/shovellingsnow.xml">Shovel the driveway, starting at the garage door and working out to the street.</cmd>
      </step>
      <step class="- topic/li task/step " xtrc="step:3;25:13" xtrf="file:/X:/learningDITA/vortragMetadaten/beispiele/samples/tasks/shovellingsnow.xml">
        <cmd class="- topic/ph task/cmd " xtrc="cmd:3;26:14" xtrf="file:/X:/learningDITA/vortragMetadaten/beispiele/samples/tasks/shovellingsnow.xml">Shovel the sidewalk in front of your house.</cmd>
      </step>
      <step class="- topic/li task/step " xtrc="step:4;28:13" xtrf="file:/X:/learningDITA/vortragMetadaten/beispiele/samples/tasks/shovellingsnow.xml">
        <cmd class="- topic/ph task/cmd " xtrc="cmd:4;29:14" xtrf="file:/X:/learningDITA/vortragMetadaten/beispiele/samples/tasks/shovellingsnow.xml">Shovel the walk to your front door.</cmd>
      </step>
    </steps>
  </taskbody>
  <related-links class="- topic/related-links " xtrc="related-links:1;33:18" xtrf="file:/X:/learningDITA/vortragMetadaten/beispiele/samples/tasks/shovellingsnow.xml"><linkpool class="- topic/linkpool " xtrc="topicref:5;26:60" xtrf="file:/X:/learningDITA/vortragMetadaten/beispiele/samples/hierarchy.ditamap"><link class="- topic/link " format="dita" href="../tasks/garagetaskoverview.xml" mapclass="- map/topicref " role="parent" scope="local" type="concept" xtrc="topicref:2;23:64" xtrf="file:/X:/learningDITA/vortragMetadaten/beispiele/samples/hierarchy.ditamap"><?ditaot usertext?><linktext class="- topic/linktext "><?ditaot gentext?>Garage Tasks</linktext><?ditaot genshortdesc?><desc class="- topic/desc ">When you go into the garage, be prepared to get your hands dirty!</desc></link></linkpool>
    <link class="- topic/link " format="dita" href="../concepts/snowshovel.xml" type="concept" xtrc="link:1;34:75" xtrf="file:/X:/learningDITA/vortragMetadaten/beispiele/samples/tasks/shovellingsnow.xml"><?ditaot gentext?><linktext class="- topic/linktext ">Snow shovel</linktext><?ditaot genshortdesc?><desc class="- topic/desc ">Use the snow shovel to clear the drive way and side walk of snow in the winter.</desc></link>
  </related-links>
</task>