<?xml version="1.0" encoding="UTF-8"?><?workdir /X:\learningDITA\vortragMetadaten\beispiele\samples\temp\topic-xhtml\tasks?><?workdir-uri file:/X:/learningDITA/vortragMetadaten/beispiele/samples/temp/topic-xhtml/tasks/?><?path2project ..\?><?path2project-uri ../?><?path2rootmap-uri ../?><?doctype-public -//OASIS//DTD DITA Task//EN?><?doctype-system task.dtd?><task xmlns:ditaarch="http://dita.oasis-open.org/architecture/2005/" xmlns:dita-ot="http://dita-ot.sourceforge.net/ns/201007/dita-ot" class="- topic/topic task/task " ditaarch:DITAArchVersion="1.3" domains="(topic task)                            (topic abbrev-d)                            a(props deliveryTarget)                            (topic equation-d)                            (topic hazard-d)                            (topic hi-d)                            (topic indexing-d)                            (topic markup-d)                            (topic mathml-d)                            (topic pr-d)                            (topic relmgmt-d)                            (topic sw-d)                            (topic svg-d)                            (topic ui-d)                            (topic ut-d)                            (topic markup-d xml-d)                            (topic task strictTaskbody-c)   " id="takinggarbage" xml:lang="en-us" xtrc="task:1;6:43" xtrf="file:/X:/learningDITA/vortragMetadaten/beispiele/samples/tasks/takinggarbage.xml">
  <title class="- topic/title " xtrc="title:1;7:10" xtrf="file:/X:/learningDITA/vortragMetadaten/beispiele/samples/tasks/takinggarbage.xml">Taking out the garbage</title>
  <shortdesc class="- topic/shortdesc " xtrc="shortdesc:1;8:14" xtrf="file:/X:/learningDITA/vortragMetadaten/beispiele/samples/tasks/takinggarbage.xml">Regular garbage removal is necessary for the proper functioning of a home.</shortdesc><prolog class="- topic/prolog "><author class="- topic/author " xtrc="author:1;9:13" xtrf="file:/X:/learningDITA/vortragMetadaten/beispiele/samples/hierarchy.ditamap">Max Mustermann</author></prolog>
  <taskbody class="- topic/body task/taskbody " xtrc="taskbody:1;9:13" xtrf="file:/X:/learningDITA/vortragMetadaten/beispiele/samples/tasks/takinggarbage.xml">
    <context class="- topic/section task/context " xtrc="context:1;10:14" xtrf="file:/X:/learningDITA/vortragMetadaten/beispiele/samples/tasks/takinggarbage.xml">
      <p class="- topic/p " xtrc="p:1;11:10" xtrf="file:/X:/learningDITA/vortragMetadaten/beispiele/samples/tasks/takinggarbage.xml">Your municipality collects garbage from homes once a week, usually early in the morning.</p></context>
    <steps class="- topic/ol task/steps " xtrc="steps:1;12:12" xtrf="file:/X:/learningDITA/vortragMetadaten/beispiele/samples/tasks/takinggarbage.xml">
      <step class="- topic/li task/step " xtrc="step:1;13:13" xtrf="file:/X:/learningDITA/vortragMetadaten/beispiele/samples/tasks/takinggarbage.xml">
        <cmd class="- topic/ph task/cmd " xtrc="cmd:1;14:14" xtrf="file:/X:/learningDITA/vortragMetadaten/beispiele/samples/tasks/takinggarbage.xml">Find out from the town what day of the week garbage is collected in your neighborhood.</cmd>
      </step>
      <step class="- topic/li task/step " xtrc="step:2;16:13" xtrf="file:/X:/learningDITA/vortragMetadaten/beispiele/samples/tasks/takinggarbage.xml">
        <cmd class="- topic/ph task/cmd " xtrc="cmd:2;17:14" xtrf="file:/X:/learningDITA/vortragMetadaten/beispiele/samples/tasks/takinggarbage.xml">The night before collection, place the garbage cans on the curb.</cmd>
      </step>
      <step class="- topic/li task/step " xtrc="step:3;19:13" xtrf="file:/X:/learningDITA/vortragMetadaten/beispiele/samples/tasks/takinggarbage.xml">
        <cmd class="- topic/ph task/cmd " xtrc="cmd:3;20:14" xtrf="file:/X:/learningDITA/vortragMetadaten/beispiele/samples/tasks/takinggarbage.xml">After the garbage has been collected, move the cans back into your garage.</cmd>
      </step>
    </steps>
  </taskbody>
<related-links class="- topic/related-links "><linkpool class="- topic/linkpool " xtrc="topicref:7;28:59" xtrf="file:/X:/learningDITA/vortragMetadaten/beispiele/samples/hierarchy.ditamap"><link class="- topic/link " format="dita" href="../tasks/garagetaskoverview.xml" mapclass="- map/topicref " role="parent" scope="local" type="concept" xtrc="topicref:2;23:64" xtrf="file:/X:/learningDITA/vortragMetadaten/beispiele/samples/hierarchy.ditamap"><?ditaot usertext?><linktext class="- topic/linktext "><?ditaot gentext?>Garage Tasks</linktext><?ditaot genshortdesc?><desc class="- topic/desc ">When you go into the garage, be prepared to get your hands dirty!</desc></link></linkpool></related-links></task>