<?xml version="1.0" encoding="utf-8"?>
<!DOCTYPE concept PUBLIC "-//OASIS//DTD DITA Concept//EN" "concept.dtd">
<!--  This file is part of the DITA Open Toolkit project. See the accompanying LICENSE file for applicable license.  -->
<!-- (C) Copyright IBM Corporation 2001, 2005. All Rights Reserved. -->

<concept id="lawnmowerconcept" xml:lang="en-us">
  <title>Lawnmower</title>
  <shortdesc>The lawnmower is a machine used to cut grass in the yard.</shortdesc>
  <conbody>
    <p>Lawnmowers can be electric, gas-powered, or manual.</p>
  </conbody>
</concept>
