<?xml version="1.0" encoding="utf-8"?>
<!DOCTYPE concept PUBLIC "-//OASIS//DTD DITA Concept//EN" "concept.dtd">
<!--  This file is part of the DITA Open Toolkit project. See the accompanying LICENSE file for applicable license.  -->
<!-- (C) Copyright IBM Corporation 2001, 2005. All Rights Reserved. -->

<concept id="oilconcept" xml:lang="en-us">
  <title>Oil</title>
  <shortdesc>Motor oil keeps your car's engine running smoothly.</shortdesc>
  <prolog>
    <metadata conref="../metadata_module.dita#metadata_module/superOil"/>
  </prolog>
  <conbody>
    <p product="shinyBeamer">Oil should be changed every 6000 kilometers.</p>
    <p product="oldRustee">Oil should be changed every 10000 kilometers.</p>
    <p audience="serviceTechnician">Don't change, just charge.</p>
  </conbody>
  <related-links>
    <link href="../tasks/changingtheoil.xml" format="dita" type="task"/>
  </related-links>
</concept>
