<?xml version="1.0" encoding="utf-8"?>
<!DOCTYPE concept PUBLIC "-//OASIS//DTD DITA Concept//EN" "concept.dtd">
<!--  This file is part of the DITA Open Toolkit project. See the accompanying LICENSE file for applicable license.  -->
<!-- (C) Copyright IBM Corporation 2001, 2005. All Rights Reserved. -->

<concept id="workbenchconcept" xml:lang="en-us">
  <title>Workbench</title>
  <shortdesc>Use the workbench for storing tools and hardware, and for doing small projects.</shortdesc>
  <conbody/>
  <related-links>
    <link href="../tasks/organizing.xml" format="dita" type="task"/>
  </related-links>
</concept>
