<?xml version="1.0" encoding="utf-8"?>
<!DOCTYPE concept PUBLIC "-//OASIS//DTD DITA Concept//EN" "concept.dtd">
<!--  This file is part of the DITA Open Toolkit project. See the accompanying LICENSE file for applicable license.  -->
<!-- (C) Copyright IBM Corporation 2001, 2005. All Rights Reserved. -->

<concept id="wwfluidconcept" xml:lang="en-us">
  <title>Windshield washer fluid</title>
  <shortdesc>Windshield washer fluid is required to keep your windshield wipers functioning properly.</shortdesc>
  <conbody>
    <p>Keep your car's windshield washer fluid topped up so you will have a clean windshield whatever the weather or
      insect population.</p>
  </conbody>
</concept>
