<?xml version="1.0" ?><job><property name="user.input.dir"><string>X:\learningDITA\vortragMetadaten\beispiele\samples</string></property><property name="parser.html"><string>com.elovirta.dita.html.HtmlReader</string></property><property name="transtypes"><string>tocjs;xhtml;eclipsehelp;html5;htmlhelp;dita;pdf;pdf2;troff;markdown;markdown_github;markdown_gitbook</string></property><property name="parser.md"><string>com.elovirta.dita.markdown.MarkdownReader</string></property><property name="plugin.org.dita.specialization.dita11.dir"><string>plugins/org.dita.specialization.dita11</string></property><property name="crawl"><string>topic</string></property><property name="parser.hdita"><string>com.elovirta.dita.html.HtmlReader</string></property><property name="cli.color"><string>true</string></property><property name="user.input.file"><string>f3c60ea942e08fa8ac647415b983b9c805e5e315.ditamap</string></property><property name="plugin.org.dita.pdf2.dir"><string>plugins/org.dita.pdf2</string></property><property name="print_transtypes"><string>pdf;pdf2</string></property><property name="onlytopicinmap"><string>false</string></property><property name="supported_resource_extensions"><string>.pdf;.swf</string></property><property name="plugin.org.dita.xhtml.dir"><string>plugins/org.dita.xhtml</string></property><property name="relflagimagelist"><string></string></property><property name="supported_html_extensions"><string>.html;.htm</string></property><property name="plugin.order"><string>org.dita.base org.oasis-open.dita.v1_3 org.oasis-open.dita.v1_2</string></property><property name="otrelease"><string>3.2</string></property><property name="supported_image_extensions"><string>.gif;.svg;.bmp;.jpg;.tif;.eps;.jpeg;.png;.tiff</string></property><property name="InputMapDir"><string>X:\learningDITA\vortragMetadaten\beispiele\samples\hierarchy.ditamap</string></property><property name="plugin.com.sophos.tocjs.dir"><string>plugins/com.sophos.tocjs</string></property><property name="plugin.org.dita.troff.dir"><string>plugins/org.dita.troff</string></property><property name="org.dita.pdf2.i18n.enabled"><string>true</string></property><property name="user.input.dir.uri"><string>file:/X:/learningDITA/vortragMetadaten/beispiele/samples/</string></property><property name="plugin.org.dita.html5.dir"><string>plugins/org.dita.html5</string></property><property name="generatecopyouter"><string>NOT_GENERATEOUTTER</string></property><property name="default.cascade"><string>merge</string></property><property name="plugin.org.oasis-open.xdita.v0_2_2.dir"><string>plugins/org.oasis-open.xdita.v0_2_2</string></property><property name="plugin.org.dita.eclipsehelp.dir"><string>plugins/org.dita.eclipsehelp</string></property><property name="outputdir"><string>X:\learningDITA\vortragMetadaten\beispiele\samples\out\topic-pdf</string></property><property name="plugin.org.dita.htmlhelp.dir"><string>plugins/org.dita.htmlhelp</string></property><property name="temp-file-name-scheme"><string>org.dita.dost.module.GenMapAndTopicListModule$HashTempFileScheme</string></property><property name="plugin.org.dita.base.dir"><string>.</string></property><property name="plugindirs"><string>plugins;demo</string></property><property name="parser.mdita"><string>com.elovirta.dita.markdown.MDitaReader</string></property><property name="user.input.file.listfile"><string>usr.input.file.list</string></property><property name="plugin.ignores"><string></string></property><property name="outercontrol"><string>WARN</string></property><property name="relflagimagefile"><string>relflagimage.list</string></property><property name="user.input.file.uri"><string>f3c60ea942e08fa8ac647415b983b9c805e5e315.ditamap</string></property><property name="registry"><string>http://plugins.dita-ot.org/</string></property><property name="plugin.org.dita.pdf2.axf.dir"><string>plugins/org.dita.pdf2.axf</string></property><property name="plugin.org.dita.normalize.dir"><string>plugins/org.dita.normalize</string></property><property name="plugin.org.oasis-open.dita.v1_2.dir"><string>plugins/org.oasis-open.dita.v1_2</string></property><property name="InputMapDir.uri"><string>file:/X:/learningDITA/vortragMetadaten/beispiele/samples/hierarchy.ditamap</string></property><property name="plugin.org.dita.pdf2.fop.dir"><string>plugins/org.dita.pdf2.fop</string></property><property name="plugin.org.lwdita.dir"><string>plugins/org.lwdita</string></property><property name="plugin.org.dita.pdf2.xep.dir"><string>plugins/org.dita.pdf2.xep</string></property><property name="tempdirToinputmapdir.relative.value"><string></string></property><property name="otversion"><string>3.2.1</string></property><property name="plugin.org.oasis-open.dita.v1_3.dir"><string>plugins/org.oasis-open.dita.v1_3</string></property><property name="parser.markdown"><string>com.elovirta.dita.markdown.MarkdownReader</string></property><property name="uplevels"><string></string></property><files><file src="file:/X:/learningDITA/vortragMetadaten/beispiele/samples/tasks/shovellingsnow.xml" uri="eca91370c0b7f5fa317fc97c35cb3dfd9d237be7.xml" path="eca91370c0b7f5fa317fc97c35cb3dfd9d237be7.xml" result="file:/X:/learningDITA/vortragMetadaten/beispiele/samples/tasks/shovellingsnow.xml" format="dita" has-link="true" target="true"></file><file src="file:/X:/learningDITA/vortragMetadaten/beispiele/samples/tasks/organizing.xml" uri="4f1a52e8009306daef39af851cca74e4c1ce54e7.xml" path="4f1a52e8009306daef39af851cca74e4c1ce54e7.xml" result="file:/X:/learningDITA/vortragMetadaten/beispiele/samples/tasks/organizing.xml" format="dita" target="true"></file><file src="file:/X:/learningDITA/vortragMetadaten/beispiele/samples/concepts/oil.xml" uri="734344eb51b9307d92316d125664091a1cc41446.xml" path="734344eb51b9307d92316d125664091a1cc41446.xml" result="file:/X:/learningDITA/vortragMetadaten/beispiele/samples/concepts/oil.xml" format="dita" has-conref="true" has-link="true" target="true"></file><file src="file:/X:/learningDITA/vortragMetadaten/beispiele/samples/concepts/wheelbarrow.xml" uri="9f4da5aa373c219b96e5eb233d22e49906041c83.xml" path="9f4da5aa373c219b96e5eb233d22e49906041c83.xml" result="file:/X:/learningDITA/vortragMetadaten/beispiele/samples/concepts/wheelbarrow.xml" format="dita" target="true"></file><file src="file:/X:/learningDITA/vortragMetadaten/beispiele/samples/tasks/takinggarbage.xml" uri="7a46d25ef0d2fed414a099b881bdce70195663d8.xml" path="7a46d25ef0d2fed414a099b881bdce70195663d8.xml" result="file:/X:/learningDITA/vortragMetadaten/beispiele/samples/tasks/takinggarbage.xml" format="dita" target="true"></file><file src="file:/X:/learningDITA/vortragMetadaten/beispiele/samples/concepts/lawnmower.xml" uri="e39c53a657c6fc6d02c003ccc5e61b53ec73b80c.xml" path="e39c53a657c6fc6d02c003ccc5e61b53ec73b80c.xml" result="file:/X:/learningDITA/vortragMetadaten/beispiele/samples/concepts/lawnmower.xml" format="dita" target="true"></file><file src="file:/X:/learningDITA/vortragMetadaten/beispiele/samples/concepts/shelving.xml" uri="c0b4c55db7ad7e6463766bf9b7328cd69f2e169b.xml" path="c0b4c55db7ad7e6463766bf9b7328cd69f2e169b.xml" result="file:/X:/learningDITA/vortragMetadaten/beispiele/samples/concepts/shelving.xml" format="dita" has-link="true" target="true"></file><file src="file:/X:/learningDITA/vortragMetadaten/beispiele/samples/concepts/toolbox.xml" uri="4d9400dcdb4d48d7f87d7c2e7059361b5d575c60.xml" path="4d9400dcdb4d48d7f87d7c2e7059361b5d575c60.xml" result="file:/X:/learningDITA/vortragMetadaten/beispiele/samples/concepts/toolbox.xml" format="dita" has-link="true" target="true"></file><file src="file:/X:/learningDITA/vortragMetadaten/beispiele/samples/tasks/spraypainting.xml" uri="fbf9bec6cc4ea7fad6aa45ec3b17bbebc2bf4473.xml" path="fbf9bec6cc4ea7fad6aa45ec3b17bbebc2bf4473.xml" result="file:/X:/learningDITA/vortragMetadaten/beispiele/samples/tasks/spraypainting.xml" format="dita" has-link="true" target="true"></file><file src="file:/X:/learningDITA/vortragMetadaten/beispiele/samples/concepts/paint.xml" uri="eab78d5ca1af1945fe52a4906addca53fc5804fe.xml" path="eab78d5ca1af1945fe52a4906addca53fc5804fe.xml" result="file:/X:/learningDITA/vortragMetadaten/beispiele/samples/concepts/paint.xml" format="dita" has-link="true" target="true"></file><file src="file:/X:/learningDITA/vortragMetadaten/beispiele/samples/image/carwash.jpg" uri="8058ece50e1863934a0087a111a783ba59e5d581.jpg" path="8058ece50e1863934a0087a111a783ba59e5d581.jpg" result="file:/X:/learningDITA/vortragMetadaten/beispiele/samples/image/carwash.jpg" format="image"></file><file src="file:/X:/learningDITA/vortragMetadaten/beispiele/samples/tasks/changingtheoil.xml" uri="1523dc8f6cdcf7ed1344370d402fc7983b4bd830.xml" path="1523dc8f6cdcf7ed1344370d402fc7983b4bd830.xml" result="file:/X:/learningDITA/vortragMetadaten/beispiele/samples/tasks/changingtheoil.xml" format="dita" has-conref="true" has-link="true" target="true"></file><file src="file:/X:/learningDITA/vortragMetadaten/beispiele/samples/concepts/garageconceptsoverview.xml" uri="649d4ea96c1fcecf213cf97ef88f6f3d36374e1e.xml" path="649d4ea96c1fcecf213cf97ef88f6f3d36374e1e.xml" result="file:/X:/learningDITA/vortragMetadaten/beispiele/samples/concepts/garageconceptsoverview.xml" format="dita" target="true"></file><file src="file:/X:/learningDITA/vortragMetadaten/beispiele/samples/concepts/wwfluid.xml" uri="059ae29a631d3437e857cba7eab8036b79e1f566.xml" path="059ae29a631d3437e857cba7eab8036b79e1f566.xml" result="file:/X:/learningDITA/vortragMetadaten/beispiele/samples/concepts/wwfluid.xml" format="dita" target="true"></file><file src="file:/X:/learningDITA/vortragMetadaten/beispiele/samples/tasks/washingthecar.xml" uri="e026d9ba045f7eb13072c9badd301f3b31303515.xml" path="e026d9ba045f7eb13072c9badd301f3b31303515.xml" result="file:/X:/learningDITA/vortragMetadaten/beispiele/samples/tasks/washingthecar.xml" format="dita" has-link="true" target="true"></file><file src="file:/X:/learningDITA/vortragMetadaten/beispiele/samples/tasks/garagetaskoverview.xml" uri="da03fd780b632f953cb9c742eefd1f855317c101.xml" path="da03fd780b632f953cb9c742eefd1f855317c101.xml" result="file:/X:/learningDITA/vortragMetadaten/beispiele/samples/tasks/garagetaskoverview.xml" format="dita" target="true"></file><file src="file:/X:/learningDITA/vortragMetadaten/beispiele/samples/hierarchy.ditamap" uri="f3c60ea942e08fa8ac647415b983b9c805e5e315.ditamap" path="f3c60ea942e08fa8ac647415b983b9c805e5e315.ditamap" result="file:/X:/learningDITA/vortragMetadaten/beispiele/samples/hierarchy.ditamap" format="ditamap" input="true"></file><file src="file:/X:/learningDITA/vortragMetadaten/beispiele/samples/concepts/snowshovel.xml" uri="98a9b303ff9763863d0ddb2cfedbbbbb55630902.xml" path="98a9b303ff9763863d0ddb2cfedbbbbb55630902.xml" result="file:/X:/learningDITA/vortragMetadaten/beispiele/samples/concepts/snowshovel.xml" format="dita" has-link="true" target="true"></file><file src="file:/X:/learningDITA/vortragMetadaten/beispiele/samples/concepts/tools.xml" uri="8c718b1e94ba918d9e435324c1e58a930314c692.xml" path="8c718b1e94ba918d9e435324c1e58a930314c692.xml" result="file:/X:/learningDITA/vortragMetadaten/beispiele/samples/concepts/tools.xml" format="dita" has-link="true" target="true"></file><file src="file:/X:/learningDITA/vortragMetadaten/beispiele/samples/concepts/workbench.xml" uri="a00752fda29206b060dc44875b8e4845b4edb54a.xml" path="a00752fda29206b060dc44875b8e4845b4edb54a.xml" result="file:/X:/learningDITA/vortragMetadaten/beispiele/samples/concepts/workbench.xml" format="dita" has-link="true" target="true"></file><file src="file:/X:/learningDITA/vortragMetadaten/beispiele/samples/metadata_module.dita" uri="fe551780abce30fd411b3ac14eb89379ddcf0f2c.dita" path="fe551780abce30fd411b3ac14eb89379ddcf0f2c.dita" result="file:/X:/learningDITA/vortragMetadaten/beispiele/samples/metadata_module.dita" target="true"></file><file src="file:/X:/learningDITA/vortragMetadaten/beispiele/samples/metadata-vocab.ditamap" uri="5fa8000ea1e23d2cce05b08f7dfbc9dbe2424d04.ditamap" path="5fa8000ea1e23d2cce05b08f7dfbc9dbe2424d04.ditamap" result="file:/X:/learningDITA/vortragMetadaten/beispiele/samples/metadata-vocab.ditamap" format="ditamap" has-keyref="true" resource-only="true" subjectscheme="true"></file><file src="file:/X:/learningDITA/vortragMetadaten/beispiele/samples/concepts/waterhose.xml" uri="94ffe561c8bb56b41e26ea929460b66f84b1393b.xml" path="94ffe561c8bb56b41e26ea929460b66f84b1393b.xml" result="file:/X:/learningDITA/vortragMetadaten/beispiele/samples/concepts/waterhose.xml" format="dita" has-link="true" target="true"></file></files></job>