<?xml version="1.0" encoding="utf-8"?><?workdir /X:\learningDITA\vortragMetadaten\beispiele\samples\temp\topic-pdf?><?workdir-uri file:/X:/learningDITA/vortragMetadaten/beispiele/samples/temp/topic-pdf/?><?path2project ..\?><?path2project-uri ../?><?path2rootmap-uri ../?><?doctype-public -//OASIS//DTD DITA Task//EN?><?doctype-system task.dtd?><task xmlns:ditaarch="http://dita.oasis-open.org/architecture/2005/" xmlns:dita-ot="http://dita-ot.sourceforge.net/ns/201007/dita-ot" class="- topic/topic task/task " ditaarch:DITAArchVersion="1.3" domains="(topic task) (topic abbrev-d) a(props deliveryTarget) (topic equation-d) (topic hazard-d) (topic hi-d) (topic indexing-d) (topic markup-d) (topic mathml-d) (topic pr-d) (topic relmgmt-d) (topic sw-d) (topic svg-d) (topic ui-d) (topic ut-d) (topic markup-d xml-d) (topic task strictTaskbody-c)" id="changeoil" xml:lang="en-us" xtrc="task:1;6:39" xtrf="file:/X:/learningDITA/vortragMetadaten/beispiele/samples/tasks/changingtheoil.xml">
  <title class="- topic/title " xtrc="title:1;7:10" xtrf="file:/X:/learningDITA/vortragMetadaten/beispiele/samples/tasks/changingtheoil.xml">Changing the oil in your car</title>
  <shortdesc class="- topic/shortdesc " xtrc="shortdesc:1;8:14" xtrf="file:/X:/learningDITA/vortragMetadaten/beispiele/samples/tasks/changingtheoil.xml">Once every 6000 kilometers or three months, change the oil in your car.</shortdesc>
  <prolog class="- topic/prolog " xtrc="prolog:1;9:11" xtrf="file:/X:/learningDITA/vortragMetadaten/beispiele/samples/tasks/changingtheoil.xml">
    <author class="- topic/author " xtrc="author:1;9:13" xtrf="file:/X:/learningDITA/vortragMetadaten/beispiele/samples/hierarchy.ditamap">Max Mustermann</author><metadata class="- topic/metadata " xtrc="metadata:1;6:33" xtrf="file:/X:/learningDITA/vortragMetadaten/beispiele/samples/metadata_module.dita">
            <prodinfo class="- topic/prodinfo " xtrc="prodinfo:1;7:23" xtrf="file:/X:/learningDITA/vortragMetadaten/beispiele/samples/metadata_module.dita">
                <prodname class="- topic/prodname " xtrc="prodname:1;8:27" xtrf="file:/X:/learningDITA/vortragMetadaten/beispiele/samples/metadata_module.dita">Super Oil</prodname>
                <brand class="- topic/brand " xtrc="brand:1;9:24" xtrf="file:/X:/learningDITA/vortragMetadaten/beispiele/samples/metadata_module.dita">Oilix</brand>
                <series class="- topic/series " xtrc="series:1;10:25" xtrf="file:/X:/learningDITA/vortragMetadaten/beispiele/samples/metadata_module.dita">Motor Wellness</series>
            </prodinfo>            
        </metadata>
  </prolog>
  <taskbody class="- topic/body task/taskbody " xtrc="taskbody:1;12:13" xtrf="file:/X:/learningDITA/vortragMetadaten/beispiele/samples/tasks/changingtheoil.xml">
    <context class="- topic/section task/context " xtrc="context:1;13:14" xtrf="file:/X:/learningDITA/vortragMetadaten/beispiele/samples/tasks/changingtheoil.xml">
      <p class="- topic/p " xtrc="p:1;14:10" xtrf="file:/X:/learningDITA/vortragMetadaten/beispiele/samples/tasks/changingtheoil.xml">Changing the oil regularly will help keep the engine in good condition. </p>
    </context>
    <steps class="- topic/ol task/steps " xtrc="steps:1;16:12" xtrf="file:/X:/learningDITA/vortragMetadaten/beispiele/samples/tasks/changingtheoil.xml">
      <stepsection class="- topic/li task/stepsection " xtrc="stepsection:1;17:20" xtrf="file:/X:/learningDITA/vortragMetadaten/beispiele/samples/tasks/changingtheoil.xml">To change the oil:</stepsection>
      <step class="- topic/li task/step " xtrc="step:1;18:13" xtrf="file:/X:/learningDITA/vortragMetadaten/beispiele/samples/tasks/changingtheoil.xml">
        <cmd class="- topic/ph task/cmd " xtrc="cmd:1;19:14" xtrf="file:/X:/learningDITA/vortragMetadaten/beispiele/samples/tasks/changingtheoil.xml">Remove the old oil filter.</cmd>
      </step>
      <step class="- topic/li task/step " xtrc="step:2;21:13" xtrf="file:/X:/learningDITA/vortragMetadaten/beispiele/samples/tasks/changingtheoil.xml">
        <cmd class="- topic/ph task/cmd " xtrc="cmd:2;22:14" xtrf="file:/X:/learningDITA/vortragMetadaten/beispiele/samples/tasks/changingtheoil.xml">Drain the old oil.</cmd>
      </step>
      <step class="- topic/li task/step " xtrc="step:3;24:13" xtrf="file:/X:/learningDITA/vortragMetadaten/beispiele/samples/tasks/changingtheoil.xml">
        <cmd class="- topic/ph task/cmd " xtrc="cmd:3;25:14" xtrf="file:/X:/learningDITA/vortragMetadaten/beispiele/samples/tasks/changingtheoil.xml">Install a new oil filter and gasket.</cmd>
      </step>
      <step class="- topic/li task/step " xtrc="step:4;27:13" xtrf="file:/X:/learningDITA/vortragMetadaten/beispiele/samples/tasks/changingtheoil.xml">
        <cmd class="- topic/ph task/cmd " xtrc="cmd:4;28:14" xtrf="file:/X:/learningDITA/vortragMetadaten/beispiele/samples/tasks/changingtheoil.xml">Add new oil to the engine.</cmd>
      </step>
      <step class="- topic/li task/step " xtrc="step:5;30:13" xtrf="file:/X:/learningDITA/vortragMetadaten/beispiele/samples/tasks/changingtheoil.xml">
        <cmd class="- topic/ph task/cmd " xtrc="cmd:5;31:14" xtrf="file:/X:/learningDITA/vortragMetadaten/beispiele/samples/tasks/changingtheoil.xml">Check the air filter and replace or clean it.</cmd>
      </step>
      <step class="- topic/li task/step " xtrc="step:6;33:13" xtrf="file:/X:/learningDITA/vortragMetadaten/beispiele/samples/tasks/changingtheoil.xml">
        <cmd class="- topic/ph task/cmd " xtrc="cmd:6;34:14" xtrf="file:/X:/learningDITA/vortragMetadaten/beispiele/samples/tasks/changingtheoil.xml">Top up the windshield washer fluid.</cmd>
      </step>
    </steps>
  </taskbody>
  <related-links class="- topic/related-links " xtrc="related-links:1;38:18" xtrf="file:/X:/learningDITA/vortragMetadaten/beispiele/samples/tasks/changingtheoil.xml">
    <link class="- topic/link " format="dita" href="734344eb51b9307d92316d125664091a1cc41446.xml" type="concept" xtrc="link:1;39:68" xtrf="file:/X:/learningDITA/vortragMetadaten/beispiele/samples/tasks/changingtheoil.xml"><?ditaot gentext?><linktext class="- topic/linktext ">Oil</linktext><?ditaot genshortdesc?><desc class="- topic/desc ">Motor oil keeps your car's engine running smoothly.</desc></link>
    <link class="- topic/link " format="dita" href="059ae29a631d3437e857cba7eab8036b79e1f566.xml" type="concept" xtrc="link:2;40:72" xtrf="file:/X:/learningDITA/vortragMetadaten/beispiele/samples/tasks/changingtheoil.xml"><?ditaot gentext?><linktext class="- topic/linktext ">Windshield washer fluid</linktext><?ditaot genshortdesc?><desc class="- topic/desc ">Windshield washer fluid is required to keep your windshield wipers functioning properly.</desc></link>
  </related-links>
</task>