<?xml version="1.0" encoding="utf-8"?><?workdir /X:\learningDITA\vortragMetadaten\beispiele\samples\temp\topic-pdf?><?workdir-uri file:/X:/learningDITA/vortragMetadaten/beispiele/samples/temp/topic-pdf/?><?path2project ..\?><?path2project-uri ../?><?path2rootmap-uri ../?><?doctype-public -//OASIS//DTD DITA Concept//EN?><?doctype-system concept.dtd?><concept xmlns:ditaarch="http://dita.oasis-open.org/architecture/2005/" xmlns:dita-ot="http://dita-ot.sourceforge.net/ns/201007/dita-ot" class="- topic/topic concept/concept " ditaarch:DITAArchVersion="1.3" domains="(topic concept) (topic abbrev-d) a(props deliveryTarget) (topic equation-d) (topic hazard-d) (topic hi-d) (topic indexing-d) (topic markup-d) (topic mathml-d) (topic pr-d) (topic relmgmt-d) (topic sw-d) (topic svg-d) (topic ui-d) (topic ut-d) (topic markup-d xml-d)" id="toolsconcept" xml:lang="en-us" xtrc="concept:1;6:45" xtrf="file:/X:/learningDITA/vortragMetadaten/beispiele/samples/concepts/tools.xml">
  <title class="- topic/title " xtrc="title:1;7:10" xtrf="file:/X:/learningDITA/vortragMetadaten/beispiele/samples/concepts/tools.xml">Tools</title>
  <shortdesc class="- topic/shortdesc " xtrc="shortdesc:1;8:14" xtrf="file:/X:/learningDITA/vortragMetadaten/beispiele/samples/concepts/tools.xml">Invest in a good set of tools for doing all kinds of tasks around the house.</shortdesc><prolog class="- topic/prolog "><author class="- topic/author " xtrc="author:1;9:13" xtrf="file:/X:/learningDITA/vortragMetadaten/beispiele/samples/hierarchy.ditamap">Max Mustermann</author></prolog>
  <conbody class="- topic/body  concept/conbody " xtrc="conbody:1;9:12" xtrf="file:/X:/learningDITA/vortragMetadaten/beispiele/samples/concepts/tools.xml">
    <p class="- topic/p " xtrc="p:1;10:8" xtrf="file:/X:/learningDITA/vortragMetadaten/beispiele/samples/concepts/tools.xml">Useful tools include the following items:</p>
    <ul class="- topic/ul " xtrc="ul:1;11:9" xtrf="file:/X:/learningDITA/vortragMetadaten/beispiele/samples/concepts/tools.xml">
      <li class="- topic/li " xtrc="li:1;12:11" xtrf="file:/X:/learningDITA/vortragMetadaten/beispiele/samples/concepts/tools.xml">Hammer</li>
      <li class="- topic/li " xtrc="li:2;13:11" xtrf="file:/X:/learningDITA/vortragMetadaten/beispiele/samples/concepts/tools.xml">Screw driver set</li>
      <li class="- topic/li " xtrc="li:3;14:11" xtrf="file:/X:/learningDITA/vortragMetadaten/beispiele/samples/concepts/tools.xml">Wrench set</li>
      <li class="- topic/li " xtrc="li:4;15:11" xtrf="file:/X:/learningDITA/vortragMetadaten/beispiele/samples/concepts/tools.xml">Nails and screws</li>
      <li class="- topic/li " xtrc="li:5;16:11" xtrf="file:/X:/learningDITA/vortragMetadaten/beispiele/samples/concepts/tools.xml">Level</li>
      <li class="- topic/li " xtrc="li:6;17:11" xtrf="file:/X:/learningDITA/vortragMetadaten/beispiele/samples/concepts/tools.xml">Saws</li>
      <li class="- topic/li " xtrc="li:7;18:11" xtrf="file:/X:/learningDITA/vortragMetadaten/beispiele/samples/concepts/tools.xml">Drill</li>
      <li class="- topic/li " xtrc="li:8;19:11" xtrf="file:/X:/learningDITA/vortragMetadaten/beispiele/samples/concepts/tools.xml">Air pressure guage</li>
      <li class="- topic/li " xtrc="li:9;20:11" xtrf="file:/X:/learningDITA/vortragMetadaten/beispiele/samples/concepts/tools.xml">Spade</li>
      <li class="- topic/li " xtrc="li:10;21:11" xtrf="file:/X:/learningDITA/vortragMetadaten/beispiele/samples/concepts/tools.xml">Rake</li>
    </ul>
    <p class="- topic/p " xtrc="p:2;23:8" xtrf="file:/X:/learningDITA/vortragMetadaten/beispiele/samples/concepts/tools.xml">Keep your tools organized in a tool box.</p>
  </conbody>
  <related-links class="- topic/related-links " xtrc="related-links:1;25:18" xtrf="file:/X:/learningDITA/vortragMetadaten/beispiele/samples/concepts/tools.xml">
    <link class="- topic/link " format="dita" href="4d9400dcdb4d48d7f87d7c2e7059361b5d575c60.xml" type="concept" xtrc="link:1;26:60" xtrf="file:/X:/learningDITA/vortragMetadaten/beispiele/samples/concepts/tools.xml"><?ditaot gentext?><linktext class="- topic/linktext ">Tool box</linktext><?ditaot genshortdesc?><desc class="- topic/desc ">A tool box contains many compartments for organizing tools and hardware.</desc></link>
    <link class="- topic/link " format="dita" href="4f1a52e8009306daef39af851cca74e4c1ce54e7.xml" type="task" xtrc="link:2;27:69" xtrf="file:/X:/learningDITA/vortragMetadaten/beispiele/samples/concepts/tools.xml"><?ditaot gentext?><linktext class="- topic/linktext ">Organizing the workbench and tools</linktext><?ditaot genshortdesc?><desc class="- topic/desc ">Keep your garage neat by organizing the things you keep in the garage.</desc></link>
  </related-links>
</concept>