<?xml version="1.0" encoding="utf-8"?><?workdir /X:\learningDITA\vortragMetadaten\beispiele\samples\temp\topic-pdf?><?workdir-uri file:/X:/learningDITA/vortragMetadaten/beispiele/samples/temp/topic-pdf/?><?path2project ..\?><?path2project-uri ../?><?path2rootmap-uri ../?><?doctype-public -//OASIS//DTD DITA Concept//EN?><?doctype-system concept.dtd?><concept xmlns:ditaarch="http://dita.oasis-open.org/architecture/2005/" xmlns:dita-ot="http://dita-ot.sourceforge.net/ns/201007/dita-ot" class="- topic/topic concept/concept " ditaarch:DITAArchVersion="1.3" domains="(topic concept) (topic abbrev-d) a(props deliveryTarget) (topic equation-d) (topic hazard-d) (topic hi-d) (topic indexing-d) (topic markup-d) (topic mathml-d) (topic pr-d) (topic relmgmt-d) (topic sw-d) (topic svg-d) (topic ui-d) (topic ut-d) (topic markup-d xml-d)" id="snowshovelconcept" xml:lang="en-us" xtrc="concept:1;6:50" xtrf="file:/X:/learningDITA/vortragMetadaten/beispiele/samples/concepts/snowshovel.xml">
  <title class="- topic/title " xtrc="title:1;7:10" xtrf="file:/X:/learningDITA/vortragMetadaten/beispiele/samples/concepts/snowshovel.xml">Snow shovel</title>
  <shortdesc class="- topic/shortdesc " xtrc="shortdesc:1;8:14" xtrf="file:/X:/learningDITA/vortragMetadaten/beispiele/samples/concepts/snowshovel.xml">Use the snow shovel to clear the drive way and side walk of snow in the winter.</shortdesc><prolog class="- topic/prolog "><author class="- topic/author " xtrc="author:1;9:13" xtrf="file:/X:/learningDITA/vortragMetadaten/beispiele/samples/hierarchy.ditamap">Max Mustermann</author></prolog>
  <conbody class="- topic/body  concept/conbody " xtrc="conbody:1;9:12" xtrf="file:/X:/learningDITA/vortragMetadaten/beispiele/samples/concepts/snowshovel.xml">
    <p class="- topic/p " xtrc="p:1;10:8" xtrf="file:/X:/learningDITA/vortragMetadaten/beispiele/samples/concepts/snowshovel.xml">A good snow shovel has a straight, wide scoop and a strong handle. To help snow come off the scoop, spray the
      scoop with cooking spray.</p>
  </conbody>
  <related-links class="- topic/related-links " xtrc="related-links:1;13:18" xtrf="file:/X:/learningDITA/vortragMetadaten/beispiele/samples/concepts/snowshovel.xml">
    <link class="- topic/link " format="dita" href="eca91370c0b7f5fa317fc97c35cb3dfd9d237be7.xml" type="task" xtrc="link:1;14:73" xtrf="file:/X:/learningDITA/vortragMetadaten/beispiele/samples/concepts/snowshovel.xml"><?ditaot gentext?><linktext class="- topic/linktext ">Shovelling snow</linktext><?ditaot genshortdesc?><desc class="- topic/desc ">Keep your driveway and sidewalks clear of snow and ice by shovelling after any snowfall.</desc></link>
  </related-links>
</concept>