<?xml version="1.0" encoding="utf-8"?><?workdir /X:\learningDITA\vortragMetadaten\beispiele\samples\temp\topic-pdf?><?workdir-uri file:/X:/learningDITA/vortragMetadaten/beispiele/samples/temp/topic-pdf/?><?path2project ..\?><?path2project-uri ../?><?path2rootmap-uri ../?><?doctype-public -//OASIS//DTD DITA Concept//EN?><?doctype-system concept.dtd?><concept xmlns:ditaarch="http://dita.oasis-open.org/architecture/2005/" xmlns:dita-ot="http://dita-ot.sourceforge.net/ns/201007/dita-ot" class="- topic/topic concept/concept " ditaarch:DITAArchVersion="1.3" domains="(topic concept) (topic abbrev-d) a(props deliveryTarget) (topic equation-d) (topic hazard-d) (topic hi-d) (topic indexing-d) (topic markup-d) (topic mathml-d) (topic pr-d) (topic relmgmt-d) (topic sw-d) (topic svg-d) (topic ui-d) (topic ut-d) (topic markup-d xml-d)" id="workbenchconcept" xml:lang="en-us" xtrc="concept:1;6:49" xtrf="file:/X:/learningDITA/vortragMetadaten/beispiele/samples/concepts/workbench.xml">
  <title class="- topic/title " xtrc="title:1;7:10" xtrf="file:/X:/learningDITA/vortragMetadaten/beispiele/samples/concepts/workbench.xml">Workbench</title>
  <shortdesc class="- topic/shortdesc " xtrc="shortdesc:1;8:14" xtrf="file:/X:/learningDITA/vortragMetadaten/beispiele/samples/concepts/workbench.xml">Use the workbench for storing tools and hardware, and for doing small projects.</shortdesc><prolog class="- topic/prolog "><author class="- topic/author " xtrc="author:1;9:13" xtrf="file:/X:/learningDITA/vortragMetadaten/beispiele/samples/hierarchy.ditamap">Max Mustermann</author></prolog>
  <conbody class="- topic/body  concept/conbody " xtrc="conbody:1;9:13" xtrf="file:/X:/learningDITA/vortragMetadaten/beispiele/samples/concepts/workbench.xml"/>
  <related-links class="- topic/related-links " xtrc="related-links:1;10:18" xtrf="file:/X:/learningDITA/vortragMetadaten/beispiele/samples/concepts/workbench.xml">
    <link class="- topic/link " format="dita" href="4f1a52e8009306daef39af851cca74e4c1ce54e7.xml" type="task" xtrc="link:1;11:69" xtrf="file:/X:/learningDITA/vortragMetadaten/beispiele/samples/concepts/workbench.xml"><?ditaot gentext?><linktext class="- topic/linktext ">Organizing the workbench and tools</linktext><?ditaot genshortdesc?><desc class="- topic/desc ">Keep your garage neat by organizing the things you keep in the garage.</desc></link>
  </related-links>
</concept>