<?xml version="1.0" encoding="utf-8"?><?workdir /X:\learningDITA\vortragMetadaten\beispiele\samples\temp\topic-pdf?><?workdir-uri file:/X:/learningDITA/vortragMetadaten/beispiele/samples/temp/topic-pdf/?><?path2project ..\?><?path2project-uri ../?><?path2rootmap-uri ../?><?doctype-public -//OASIS//DTD DITA Concept//EN?><?doctype-system concept.dtd?><concept xmlns:ditaarch="http://dita.oasis-open.org/architecture/2005/" xmlns:dita-ot="http://dita-ot.sourceforge.net/ns/201007/dita-ot" class="- topic/topic concept/concept " ditaarch:DITAArchVersion="1.3" domains="(topic concept) (topic abbrev-d) a(props deliveryTarget) (topic equation-d) (topic hazard-d) (topic hi-d) (topic indexing-d) (topic markup-d) (topic mathml-d) (topic pr-d) (topic relmgmt-d) (topic sw-d) (topic svg-d) (topic ui-d) (topic ut-d) (topic markup-d xml-d)" id="shelvingconcept" xml:lang="en-us" xtrc="concept:1;6:48" xtrf="file:/X:/learningDITA/vortragMetadaten/beispiele/samples/concepts/shelving.xml">
  <title class="- topic/title " xtrc="title:1;7:10" xtrf="file:/X:/learningDITA/vortragMetadaten/beispiele/samples/concepts/shelving.xml">Shelving</title>
  <shortdesc class="- topic/shortdesc " xtrc="shortdesc:1;8:14" xtrf="file:/X:/learningDITA/vortragMetadaten/beispiele/samples/concepts/shelving.xml">Wooden or metal shelving is useful for storing things in the garage.</shortdesc><prolog class="- topic/prolog "><author class="- topic/author " xtrc="author:1;9:13" xtrf="file:/X:/learningDITA/vortragMetadaten/beispiele/samples/hierarchy.ditamap">Max Mustermann</author></prolog>
  <conbody class="- topic/body  concept/conbody " xtrc="conbody:1;9:12" xtrf="file:/X:/learningDITA/vortragMetadaten/beispiele/samples/concepts/shelving.xml">
    <p class="- topic/p " xtrc="p:1;10:8" xtrf="file:/X:/learningDITA/vortragMetadaten/beispiele/samples/concepts/shelving.xml">Shelving also keeps things neat and organized.</p>
  </conbody>
  <related-links class="- topic/related-links " xtrc="related-links:1;12:18" xtrf="file:/X:/learningDITA/vortragMetadaten/beispiele/samples/concepts/shelving.xml">
    <link class="- topic/link " format="dita" href="4f1a52e8009306daef39af851cca74e4c1ce54e7.xml" type="task" xtrc="link:1;13:69" xtrf="file:/X:/learningDITA/vortragMetadaten/beispiele/samples/concepts/shelving.xml"><?ditaot gentext?><linktext class="- topic/linktext ">Organizing the workbench and tools</linktext><?ditaot genshortdesc?><desc class="- topic/desc ">Keep your garage neat by organizing the things you keep in the garage.</desc></link>
  </related-links>
</concept>