<?xml version="1.0" encoding="utf-8"?><?workdir /X:\learningDITA\vortragMetadaten\beispiele\samples\temp\topic-pdf?><?workdir-uri file:/X:/learningDITA/vortragMetadaten/beispiele/samples/temp/topic-pdf/?><?path2project ..\?><?path2project-uri ../?><?path2rootmap-uri ../?><?doctype-public -//OASIS//DTD DITA Task//EN?><?doctype-system task.dtd?><task xmlns:ditaarch="http://dita.oasis-open.org/architecture/2005/" xmlns:dita-ot="http://dita-ot.sourceforge.net/ns/201007/dita-ot" audience="cleaner" class="- topic/topic task/task " ditaarch:DITAArchVersion="1.3" domains="(topic task) (topic abbrev-d) a(props deliveryTarget) (topic equation-d) (topic hazard-d) (topic hi-d) (topic indexing-d) (topic markup-d) (topic mathml-d) (topic pr-d) (topic relmgmt-d) (topic sw-d) (topic svg-d) (topic ui-d) (topic ut-d) (topic markup-d xml-d) (topic task strictTaskbody-c)" id="washcar" product="SuperSoap" xml:lang="en-us" xtrc="task:1;6:76" xtrf="file:/X:/learningDITA/vortragMetadaten/beispiele/samples/tasks/washingthecar.xml">
  <title class="- topic/title " xtrc="title:1;7:10" xtrf="file:/X:/learningDITA/vortragMetadaten/beispiele/samples/tasks/washingthecar.xml">Washing the car</title>
  <shortdesc class="- topic/shortdesc " xtrc="shortdesc:1;8:14" xtrf="file:/X:/learningDITA/vortragMetadaten/beispiele/samples/tasks/washingthecar.xml">Keep your car looking great by washing it regularly.</shortdesc>
  <prolog class="- topic/prolog " xtrc="prolog:1;9:11" xtrf="file:/X:/learningDITA/vortragMetadaten/beispiele/samples/tasks/washingthecar.xml">
    <author class="- topic/author " xtrc="author:1;9:13" xtrf="file:/X:/learningDITA/vortragMetadaten/beispiele/samples/hierarchy.ditamap">Max Mustermann</author><metadata class="- topic/metadata " xtrc="metadata:1;10:15" xtrf="file:/X:/learningDITA/vortragMetadaten/beispiele/samples/tasks/washingthecar.xml">
      <audience class="- topic/audience " experiencelevel="novice" type="cleaner" xtrc="audience:1;11:58" xtrf="file:/X:/learningDITA/vortragMetadaten/beispiele/samples/tasks/washingthecar.xml"/>
      <prodinfo class="- topic/prodinfo " xtrc="prodinfo:1;12:17" xtrf="file:/X:/learningDITA/vortragMetadaten/beispiele/samples/tasks/washingthecar.xml">
        <prodname class="- topic/prodname " xtrc="prodname:1;13:19" xtrf="file:/X:/learningDITA/vortragMetadaten/beispiele/samples/tasks/washingthecar.xml">Super Soap</prodname>
        <brand class="- topic/brand " xtrc="brand:1;14:16" xtrf="file:/X:/learningDITA/vortragMetadaten/beispiele/samples/tasks/washingthecar.xml">Cleanix</brand>
        <series class="- topic/series " xtrc="series:1;15:17" xtrf="file:/X:/learningDITA/vortragMetadaten/beispiele/samples/tasks/washingthecar.xml">Car Wash</series>
      </prodinfo>      
    </metadata>    
  </prolog>
  <taskbody class="- topic/body task/taskbody " xtrc="taskbody:1;19:13" xtrf="file:/X:/learningDITA/vortragMetadaten/beispiele/samples/tasks/washingthecar.xml">
    <steps class="- topic/ol task/steps " xtrc="steps:1;20:12" xtrf="file:/X:/learningDITA/vortragMetadaten/beispiele/samples/tasks/washingthecar.xml">
      <step class="- topic/li task/step " xtrc="step:1;21:13" xtrf="file:/X:/learningDITA/vortragMetadaten/beispiele/samples/tasks/washingthecar.xml">
        <cmd class="- topic/ph task/cmd " xtrc="cmd:1;22:14" xtrf="file:/X:/learningDITA/vortragMetadaten/beispiele/samples/tasks/washingthecar.xml">Move the car onto the driveway.</cmd>
      </step>
      <step class="- topic/li task/step " xtrc="step:2;24:13" xtrf="file:/X:/learningDITA/vortragMetadaten/beispiele/samples/tasks/washingthecar.xml">
        <cmd class="- topic/ph task/cmd " xtrc="cmd:2;25:14" xtrf="file:/X:/learningDITA/vortragMetadaten/beispiele/samples/tasks/washingthecar.xml">Attach the water hose to a spout and pull the free end over to the car.</cmd>
      </step>
      <step class="- topic/li task/step " xtrc="step:3;27:13" xtrf="file:/X:/learningDITA/vortragMetadaten/beispiele/samples/tasks/washingthecar.xml">
        <cmd class="- topic/ph task/cmd " xtrc="cmd:3;28:14" xtrf="file:/X:/learningDITA/vortragMetadaten/beispiele/samples/tasks/washingthecar.xml">Fill a bucket with soapy water.</cmd>
      </step>
      <step class="- topic/li task/step " xtrc="step:4;30:13" xtrf="file:/X:/learningDITA/vortragMetadaten/beispiele/samples/tasks/washingthecar.xml">
        <cmd class="- topic/ph task/cmd " xtrc="cmd:4;31:14" xtrf="file:/X:/learningDITA/vortragMetadaten/beispiele/samples/tasks/washingthecar.xml">Use a sponge to apply the soapy water to the car and scrub off the dirt.</cmd>
      </step>
      <step class="- topic/li task/step " xtrc="step:5;33:13" xtrf="file:/X:/learningDITA/vortragMetadaten/beispiele/samples/tasks/washingthecar.xml">
        <cmd class="- topic/ph task/cmd " xtrc="cmd:5;34:14" xtrf="file:/X:/learningDITA/vortragMetadaten/beispiele/samples/tasks/washingthecar.xml">Rinse the car by spraying clean water from the hose.</cmd>
      </step>
      <step class="- topic/li task/step " xtrc="step:6;36:13" xtrf="file:/X:/learningDITA/vortragMetadaten/beispiele/samples/tasks/washingthecar.xml">
        <cmd class="- topic/ph task/cmd " xtrc="cmd:6;37:14" xtrf="file:/X:/learningDITA/vortragMetadaten/beispiele/samples/tasks/washingthecar.xml">Dry the car using a dampened chamois.</cmd>
      </step>
    </steps>
    <result class="- topic/section task/result " xtrc="result:1;40:13" xtrf="file:/X:/learningDITA/vortragMetadaten/beispiele/samples/tasks/washingthecar.xml">
      <p class="- topic/p " xtrc="p:1;41:10" xtrf="file:/X:/learningDITA/vortragMetadaten/beispiele/samples/tasks/washingthecar.xml">
        <image class="- topic/image " height="171" href="8058ece50e1863934a0087a111a783ba59e5d581.jpg" placement="inline" width="249" xtrc="image:1;42:69" xtrf="file:/X:/learningDITA/vortragMetadaten/beispiele/samples/tasks/washingthecar.xml">
          <alt class="- topic/alt " xtrc="alt:1;43:16" xtrf="file:/X:/learningDITA/vortragMetadaten/beispiele/samples/tasks/washingthecar.xml">washing the car</alt>
        </image>
      </p>
    </result>
  </taskbody>
  <related-links class="- topic/related-links " xtrc="related-links:1;48:18" xtrf="file:/X:/learningDITA/vortragMetadaten/beispiele/samples/tasks/washingthecar.xml">
    <link class="- topic/link " format="dita" href="94ffe561c8bb56b41e26ea929460b66f84b1393b.xml" type="concept" xtrc="link:1;49:74" xtrf="file:/X:/learningDITA/vortragMetadaten/beispiele/samples/tasks/washingthecar.xml"><?ditaot gentext?><linktext class="- topic/linktext ">Water hose</linktext><?ditaot genshortdesc?><desc class="- topic/desc ">A water hose is useful for cleaning and gardening projects around the yard.</desc></link>
  </related-links>
</task>