<?xml version="1.0" encoding="utf-8"?><?workdir /X:\learningDITA\vortragMetadaten\beispiele\samples\temp\topic-pdf?><?workdir-uri file:/X:/learningDITA/vortragMetadaten/beispiele/samples/temp/topic-pdf/?><?path2project ..\?><?path2project-uri ../?><?path2rootmap-uri ../?><?doctype-public -//OASIS//DTD DITA Task//EN?><?doctype-system task.dtd?><task xmlns:ditaarch="http://dita.oasis-open.org/architecture/2005/" xmlns:dita-ot="http://dita-ot.sourceforge.net/ns/201007/dita-ot" class="- topic/topic task/task " ditaarch:DITAArchVersion="1.3" domains="(topic task) (topic abbrev-d) a(props deliveryTarget) (topic equation-d) (topic hazard-d) (topic hi-d) (topic indexing-d) (topic markup-d) (topic mathml-d) (topic pr-d) (topic relmgmt-d) (topic sw-d) (topic svg-d) (topic ui-d) (topic ut-d) (topic markup-d xml-d) (topic task strictTaskbody-c)" id="spraypaint" xml:lang="en-us" xtrc="task:1;6:40" xtrf="file:/X:/learningDITA/vortragMetadaten/beispiele/samples/tasks/spraypainting.xml">
  <title class="- topic/title " xtrc="title:1;7:10" xtrf="file:/X:/learningDITA/vortragMetadaten/beispiele/samples/tasks/spraypainting.xml">Spray painting</title>
  <shortdesc class="- topic/shortdesc " xtrc="shortdesc:1;8:14" xtrf="file:/X:/learningDITA/vortragMetadaten/beispiele/samples/tasks/spraypainting.xml">When paint is applied using a spray nozzle, it is referred to as spray painting.</shortdesc><prolog class="- topic/prolog "><author class="- topic/author " xtrc="author:1;9:13" xtrf="file:/X:/learningDITA/vortragMetadaten/beispiele/samples/hierarchy.ditamap">Max Mustermann</author></prolog>
  <taskbody class="- topic/body task/taskbody " xtrc="taskbody:1;9:13" xtrf="file:/X:/learningDITA/vortragMetadaten/beispiele/samples/tasks/spraypainting.xml">
    <context class="- topic/section task/context " xtrc="context:1;10:14" xtrf="file:/X:/learningDITA/vortragMetadaten/beispiele/samples/tasks/spraypainting.xml">
      <p class="- topic/p " xtrc="p:1;11:10" xtrf="file:/X:/learningDITA/vortragMetadaten/beispiele/samples/tasks/spraypainting.xml">The garage is a good place to spray paint.</p></context>
    <steps class="- topic/ol task/steps " xtrc="steps:1;12:12" xtrf="file:/X:/learningDITA/vortragMetadaten/beispiele/samples/tasks/spraypainting.xml">
      <step class="- topic/li task/step " xtrc="step:1;13:13" xtrf="file:/X:/learningDITA/vortragMetadaten/beispiele/samples/tasks/spraypainting.xml">
        <cmd class="- topic/ph task/cmd " xtrc="cmd:1;14:14" xtrf="file:/X:/learningDITA/vortragMetadaten/beispiele/samples/tasks/spraypainting.xml">Move the car out of the garage to avoid getting paint on it.</cmd>
      </step>
      <step class="- topic/li task/step " xtrc="step:2;16:13" xtrf="file:/X:/learningDITA/vortragMetadaten/beispiele/samples/tasks/spraypainting.xml">
        <cmd class="- topic/ph task/cmd " xtrc="cmd:2;17:14" xtrf="file:/X:/learningDITA/vortragMetadaten/beispiele/samples/tasks/spraypainting.xml">Place newspaper, cardboard, or a drop-cloth on the garage floor.</cmd>
      </step>
      <step class="- topic/li task/step " xtrc="step:3;19:13" xtrf="file:/X:/learningDITA/vortragMetadaten/beispiele/samples/tasks/spraypainting.xml">
        <cmd class="- topic/ph task/cmd " xtrc="cmd:3;20:14" xtrf="file:/X:/learningDITA/vortragMetadaten/beispiele/samples/tasks/spraypainting.xml">Place the object to be painted on the covered area.</cmd>
      </step>
      <step class="- topic/li task/step " xtrc="step:4;22:13" xtrf="file:/X:/learningDITA/vortragMetadaten/beispiele/samples/tasks/spraypainting.xml">
        <cmd class="- topic/ph task/cmd " xtrc="cmd:4;23:14" xtrf="file:/X:/learningDITA/vortragMetadaten/beispiele/samples/tasks/spraypainting.xml">Follow the directions on the paint can to paint the object.</cmd>
      </step>
      <step class="- topic/li task/step " xtrc="step:5;25:13" xtrf="file:/X:/learningDITA/vortragMetadaten/beispiele/samples/tasks/spraypainting.xml">
        <cmd class="- topic/ph task/cmd " xtrc="cmd:5;26:14" xtrf="file:/X:/learningDITA/vortragMetadaten/beispiele/samples/tasks/spraypainting.xml">Let the paint dry thoroughly before you move the object.</cmd>
      </step>
    </steps>
  </taskbody>
  <related-links class="- topic/related-links " xtrc="related-links:1;30:18" xtrf="file:/X:/learningDITA/vortragMetadaten/beispiele/samples/tasks/spraypainting.xml">
    <link class="- topic/link " format="dita" href="eab78d5ca1af1945fe52a4906addca53fc5804fe.xml" type="concept" xtrc="link:1;31:70" xtrf="file:/X:/learningDITA/vortragMetadaten/beispiele/samples/tasks/spraypainting.xml"><?ditaot gentext?><linktext class="- topic/linktext ">Paint</linktext><?ditaot genshortdesc?><desc class="- topic/desc ">Paint is useful for refreshing the look of rooms and furniture.</desc></link>
  </related-links>
</task>