<?xml version="1.0" encoding="UTF-8" standalone="yes"?>
<map xmlns:ditaarch="http://dita.oasis-open.org/architecture/2005/"
  xmlns:opentopic-index="http://www.idiominc.com/opentopic/index" cascade="merge" class="- map/map "
  ditaarch:DITAArchVersion="1.3"
  domains="(map mapgroup-d) (topic abbrev-d) (topic delay-d) a(props deliveryTarget) (map ditavalref-d) (map glossref-d) (topic hazard-d) (topic hi-d) (topic indexing-d) (topic markup-d) (topic pr-d) (topic relmgmt-d) (topic sw-d) (topic ui-d) (topic ut-d) (topic markup-d xml-d)"
  status="changed" xtrc="map:1;6:23"
  xtrf="file:/X:/learningDITA/vortragMetadaten/beispiele/samples/hierarchy.ditamap">
  <opentopic:map xmlns:opentopic="http://www.idiominc.com/opentopic"
    xmlns:ot-placeholder="http://suite-sol.com/namespaces/ot-placeholder">
    <title xmlns:dita-ot="http://dita-ot.sourceforge.net/ns/201007/dita-ot" class="- topic/title "
      xtrc="title:1;7:10"
      xtrf="file:/X:/learningDITA/vortragMetadaten/beispiele/samples/hierarchy.ditamap">Working in
      the garage</title>
    <topicmeta xmlns:dita-ot="http://dita-ot.sourceforge.net/ns/201007/dita-ot"
      class="- map/topicmeta " xtrc="topicmeta:1;8:14"
      xtrf="file:/X:/learningDITA/vortragMetadaten/beispiele/samples/hierarchy.ditamap">
      <author class="- topic/author " xtrc="author:1;9:13"
        xtrf="file:/X:/learningDITA/vortragMetadaten/beispiele/samples/hierarchy.ditamap">Max
        Mustermann</author>
      <change-historylist class="+ topic/metadata relmgmt-d/change-historylist "
        xtrc="change-historylist:1;10:25"
        xtrf="file:/X:/learningDITA/vortragMetadaten/beispiele/samples/hierarchy.ditamap">
        <change-item class="+ topic/data relmgmt-d/change-item " name="change-item"
          xtrc="change-item:1;11:20"
          xtrf="file:/X:/learningDITA/vortragMetadaten/beispiele/samples/hierarchy.ditamap">
          <change-person class="+ topic/data relmgmt-d/change-person " name="change-person"
            xtrc="change-person:1;12:24"
            xtrf="file:/X:/learningDITA/vortragMetadaten/beispiele/samples/hierarchy.ditamap">Max
            Mustermann</change-person>
          <change-request-reference class="+ topic/data relmgmt-d/change-request-reference "
            name="change-request-reference" xtrc="change-request-reference:1;13:35"
            xtrf="file:/X:/learningDITA/vortragMetadaten/beispiele/samples/hierarchy.ditamap">
            <change-request-system class="+ topic/data relmgmt-d/change-request-system "
              name="change-request-system" xtrc="change-request-system:1;14:34"
              xtrf="file:/X:/learningDITA/vortragMetadaten/beispiele/samples/hierarchy.ditamap"
              >JIRA</change-request-system>
            <change-request-id class="+ topic/data relmgmt-d/change-request-id "
              name="change-request-id" xtrc="change-request-id:1;15:30"
              xtrf="file:/X:/learningDITA/vortragMetadaten/beispiele/samples/hierarchy.ditamap"
              >DITA-1234</change-request-id>
          </change-request-reference>
          <change-completed class="+ topic/data relmgmt-d/change-completed " name="change-completed"
            xtrc="change-completed:1;17:27"
            xtrf="file:/X:/learningDITA/vortragMetadaten/beispiele/samples/hierarchy.ditamap"
            >2019-02-15T10:51</change-completed>
        </change-item>
      </change-historylist>
    </topicmeta>


    <topicref xmlns:dita-ot="http://dita-ot.sourceforge.net/ns/201007/dita-ot"
      class="- map/topicref " first_topic_id="#unique_1" href="#unique_1" id="unique_1"
      ohref="da03fd780b632f953cb9c742eefd1f855317c101.xml" type="concept" xtrc="topicref:2;23:64"
      xtrf="file:/X:/learningDITA/vortragMetadaten/beispiele/samples/hierarchy.ditamap">
      <topicmeta class="- map/topicmeta ">
        <navtitle class="- topic/navtitle ">Garage Tasks</navtitle>
        <?ditaot gentext?>
        <linktext class="- map/linktext ">Garage Tasks</linktext>
        <?ditaot genshortdesc?>
        <shortdesc class="- map/shortdesc ">When you go into the garage, be prepared to get your
          hands dirty!</shortdesc>
        <author class="- topic/author " xtrc="author:1;9:13"
          xtrf="file:/X:/learningDITA/vortragMetadaten/beispiele/samples/hierarchy.ditamap">Max
          Mustermann</author>
      </topicmeta>
      <topicref class="- map/topicref " first_topic_id="#unique_2" href="#unique_2" id="unique_2"
        ohref="1523dc8f6cdcf7ed1344370d402fc7983b4bd830.xml" type="task" xtrc="topicref:3;24:60"
        xtrf="file:/X:/learningDITA/vortragMetadaten/beispiele/samples/hierarchy.ditamap">
        <topicmeta class="- map/topicmeta ">
          <navtitle class="- topic/navtitle ">Changing the oil in your car</navtitle>
          <?ditaot gentext?>
          <linktext class="- map/linktext ">Changing the oil in your car</linktext>
          <?ditaot genshortdesc?>
          <shortdesc class="- map/shortdesc ">Once every 6000 kilometers or three months, change the
            oil in your car.</shortdesc>
          <author class="- topic/author " xtrc="author:1;9:13"
            xtrf="file:/X:/learningDITA/vortragMetadaten/beispiele/samples/hierarchy.ditamap">Max
            Mustermann</author>
        </topicmeta>
      </topicref>
      <topicref class="- map/topicref " first_topic_id="#unique_5" href="#unique_5" id="unique_5"
        ohref="4f1a52e8009306daef39af851cca74e4c1ce54e7.xml" type="task" xtrc="topicref:4;25:56"
        xtrf="file:/X:/learningDITA/vortragMetadaten/beispiele/samples/hierarchy.ditamap">
        <topicmeta class="- map/topicmeta ">
          <navtitle class="- topic/navtitle ">Organizing the workbench and tools</navtitle>
          <?ditaot gentext?>
          <linktext class="- map/linktext ">Organizing the workbench and tools</linktext>
          <?ditaot genshortdesc?>
          <shortdesc class="- map/shortdesc ">Keep your garage neat by organizing the things you
            keep in the garage.</shortdesc>
          <author class="- topic/author " xtrc="author:1;9:13"
            xtrf="file:/X:/learningDITA/vortragMetadaten/beispiele/samples/hierarchy.ditamap">Max
            Mustermann</author>
        </topicmeta>
      </topicref>
      <topicref class="- map/topicref " first_topic_id="#unique_6" href="#unique_6" id="unique_6"
        ohref="eca91370c0b7f5fa317fc97c35cb3dfd9d237be7.xml" type="task" xtrc="topicref:5;26:60"
        xtrf="file:/X:/learningDITA/vortragMetadaten/beispiele/samples/hierarchy.ditamap">
        <topicmeta class="- map/topicmeta ">
          <navtitle class="- topic/navtitle ">Shovelling snow</navtitle>
          <?ditaot gentext?>
          <linktext class="- map/linktext ">Shovelling snow</linktext>
          <?ditaot genshortdesc?>
          <shortdesc class="- map/shortdesc ">Keep your driveway and sidewalks clear of snow and ice
            by shovelling after any snowfall.</shortdesc>
          <author class="- topic/author " xtrc="author:1;9:13"
            xtrf="file:/X:/learningDITA/vortragMetadaten/beispiele/samples/hierarchy.ditamap">Max
            Mustermann</author>
        </topicmeta>
      </topicref>
      <topicref class="- map/topicref " first_topic_id="#unique_8" href="#unique_8" id="unique_8"
        ohref="fbf9bec6cc4ea7fad6aa45ec3b17bbebc2bf4473.xml" type="task" xtrc="topicref:6;27:59"
        xtrf="file:/X:/learningDITA/vortragMetadaten/beispiele/samples/hierarchy.ditamap">
        <topicmeta class="- map/topicmeta ">
          <navtitle class="- topic/navtitle ">Spray painting</navtitle>
          <?ditaot gentext?>
          <linktext class="- map/linktext ">Spray painting</linktext>
          <?ditaot genshortdesc?>
          <shortdesc class="- map/shortdesc ">When paint is applied using a spray nozzle, it is
            referred to as spray painting.</shortdesc>
          <author class="- topic/author " xtrc="author:1;9:13"
            xtrf="file:/X:/learningDITA/vortragMetadaten/beispiele/samples/hierarchy.ditamap">Max
            Mustermann</author>
        </topicmeta>
      </topicref>
      <topicref class="- map/topicref " first_topic_id="#unique_10" href="#unique_10" id="unique_10"
        ohref="7a46d25ef0d2fed414a099b881bdce70195663d8.xml" type="task" xtrc="topicref:7;28:59"
        xtrf="file:/X:/learningDITA/vortragMetadaten/beispiele/samples/hierarchy.ditamap">
        <topicmeta class="- map/topicmeta ">
          <navtitle class="- topic/navtitle ">Taking out the garbage</navtitle>
          <?ditaot gentext?>
          <linktext class="- map/linktext ">Taking out the garbage</linktext>
          <?ditaot genshortdesc?>
          <shortdesc class="- map/shortdesc ">Regular garbage removal is necessary for the proper
            functioning of a home.</shortdesc>
          <author class="- topic/author " xtrc="author:1;9:13"
            xtrf="file:/X:/learningDITA/vortragMetadaten/beispiele/samples/hierarchy.ditamap">Max
            Mustermann</author>
        </topicmeta>
      </topicref>
      <topicref audience="cleaner" class="- map/topicref " first_topic_id="#unique_11"
        href="#unique_11" id="unique_11" ohref="e026d9ba045f7eb13072c9badd301f3b31303515.xml"
        type="task" xtrc="topicref:8;29:78"
        xtrf="file:/X:/learningDITA/vortragMetadaten/beispiele/samples/hierarchy.ditamap">
        <topicmeta class="- map/topicmeta ">
          <navtitle class="- topic/navtitle ">Washing the car</navtitle>
          <?ditaot gentext?>
          <linktext class="- map/linktext ">Washing the car</linktext>
          <?ditaot genshortdesc?>
          <shortdesc class="- map/shortdesc ">Keep your car looking great by washing it
            regularly.</shortdesc>
          <author class="- topic/author " xtrc="author:1;9:13"
            xtrf="file:/X:/learningDITA/vortragMetadaten/beispiele/samples/hierarchy.ditamap">Max
            Mustermann</author>
        </topicmeta>
      </topicref>
    </topicref>
    <topicref xmlns:dita-ot="http://dita-ot.sourceforge.net/ns/201007/dita-ot"
      audience="endUser serviceTechnician" class="- map/topicref " first_topic_id="#unique_13"
      href="#unique_13" id="unique_13" ohref="649d4ea96c1fcecf213cf97ef88f6f3d36374e1e.xml"
      type="concept" xtrc="topicref:9;31:108"
      xtrf="file:/X:/learningDITA/vortragMetadaten/beispiele/samples/hierarchy.ditamap">
      <topicmeta class="- map/topicmeta ">
        <navtitle class="- topic/navtitle ">Garage Concepts</navtitle>
        <?ditaot gentext?>
        <linktext class="- map/linktext ">Garage Concepts</linktext>
        <?ditaot genshortdesc?>
        <shortdesc class="- map/shortdesc ">A well-stocked garage can be the envy of the
          neighborhood.</shortdesc>
        <author class="- topic/author " xtrc="author:1;9:13"
          xtrf="file:/X:/learningDITA/vortragMetadaten/beispiele/samples/hierarchy.ditamap">Max
          Mustermann</author>
      </topicmeta>
      <topicref audience="endUser serviceTechnician" class="- map/topicref "
        first_topic_id="#unique_14" href="#unique_14" id="unique_14"
        ohref="e39c53a657c6fc6d02c003ccc5e61b53ec73b80c.xml" type="concept" xtrc="topicref:10;32:61"
        xtrf="file:/X:/learningDITA/vortragMetadaten/beispiele/samples/hierarchy.ditamap">
        <topicmeta class="- map/topicmeta ">
          <navtitle class="- topic/navtitle ">Lawnmower</navtitle>
          <?ditaot gentext?>
          <linktext class="- map/linktext ">Lawnmower</linktext>
          <?ditaot genshortdesc?>
          <shortdesc class="- map/shortdesc ">The lawnmower is a machine used to cut grass in the
            yard.</shortdesc>
          <author class="- topic/author " xtrc="author:1;9:13"
            xtrf="file:/X:/learningDITA/vortragMetadaten/beispiele/samples/hierarchy.ditamap">Max
            Mustermann</author>
        </topicmeta>
      </topicref>
      <topicref audience="endUser serviceTechnician" class="- map/topicref "
        first_topic_id="#unique_3" href="#unique_3" id="unique_3"
        ohref="734344eb51b9307d92316d125664091a1cc41446.xml" type="concept" xtrc="topicref:11;33:55"
        xtrf="file:/X:/learningDITA/vortragMetadaten/beispiele/samples/hierarchy.ditamap">
        <topicmeta class="- map/topicmeta ">
          <navtitle class="- topic/navtitle ">Oil</navtitle>
          <?ditaot gentext?>
          <linktext class="- map/linktext ">Oil</linktext>
          <?ditaot genshortdesc?>
          <shortdesc class="- map/shortdesc ">Motor oil keeps your car's engine running
            smoothly.</shortdesc>
          <author class="- topic/author " xtrc="author:1;9:13"
            xtrf="file:/X:/learningDITA/vortragMetadaten/beispiele/samples/hierarchy.ditamap">Max
            Mustermann</author>
        </topicmeta>
      </topicref>
      <topicref audience="endUser serviceTechnician" class="- map/topicref "
        first_topic_id="#unique_9" href="#unique_9" id="unique_9"
        ohref="eab78d5ca1af1945fe52a4906addca53fc5804fe.xml" type="concept" xtrc="topicref:12;34:57"
        xtrf="file:/X:/learningDITA/vortragMetadaten/beispiele/samples/hierarchy.ditamap">
        <topicmeta class="- map/topicmeta ">
          <navtitle class="- topic/navtitle ">Paint</navtitle>
          <?ditaot gentext?>
          <linktext class="- map/linktext ">Paint</linktext>
          <?ditaot genshortdesc?>
          <shortdesc class="- map/shortdesc ">Paint is useful for refreshing the look of rooms and
            furniture.</shortdesc>
          <author class="- topic/author " xtrc="author:1;9:13"
            xtrf="file:/X:/learningDITA/vortragMetadaten/beispiele/samples/hierarchy.ditamap">Max
            Mustermann</author>
        </topicmeta>
      </topicref>
      <topicref audience="endUser serviceTechnician" class="- map/topicref "
        first_topic_id="#unique_15" href="#unique_15" id="unique_15"
        ohref="c0b4c55db7ad7e6463766bf9b7328cd69f2e169b.xml" type="concept" xtrc="topicref:13;35:60"
        xtrf="file:/X:/learningDITA/vortragMetadaten/beispiele/samples/hierarchy.ditamap">
        <topicmeta class="- map/topicmeta ">
          <navtitle class="- topic/navtitle ">Shelving</navtitle>
          <?ditaot gentext?>
          <linktext class="- map/linktext ">Shelving</linktext>
          <?ditaot genshortdesc?>
          <shortdesc class="- map/shortdesc ">Wooden or metal shelving is useful for storing things
            in the garage.</shortdesc>
          <author class="- topic/author " xtrc="author:1;9:13"
            xtrf="file:/X:/learningDITA/vortragMetadaten/beispiele/samples/hierarchy.ditamap">Max
            Mustermann</author>
        </topicmeta>
      </topicref>
      <topicref audience="endUser serviceTechnician" class="- map/topicref "
        first_topic_id="#unique_7" href="#unique_7" id="unique_7"
        ohref="98a9b303ff9763863d0ddb2cfedbbbbb55630902.xml" type="concept" xtrc="topicref:14;36:62"
        xtrf="file:/X:/learningDITA/vortragMetadaten/beispiele/samples/hierarchy.ditamap">
        <topicmeta class="- map/topicmeta ">
          <navtitle class="- topic/navtitle ">Snow shovel</navtitle>
          <?ditaot gentext?>
          <linktext class="- map/linktext ">Snow shovel</linktext>
          <?ditaot genshortdesc?>
          <shortdesc class="- map/shortdesc ">Use the snow shovel to clear the drive way and side
            walk of snow in the winter.</shortdesc>
          <author class="- topic/author " xtrc="author:1;9:13"
            xtrf="file:/X:/learningDITA/vortragMetadaten/beispiele/samples/hierarchy.ditamap">Max
            Mustermann</author>
        </topicmeta>
      </topicref>
      <topicref audience="endUser serviceTechnician" class="- map/topicref "
        first_topic_id="#unique_16" href="#unique_16" id="unique_16"
        ohref="4d9400dcdb4d48d7f87d7c2e7059361b5d575c60.xml" type="concept" xtrc="topicref:15;37:59"
        xtrf="file:/X:/learningDITA/vortragMetadaten/beispiele/samples/hierarchy.ditamap">
        <topicmeta class="- map/topicmeta ">
          <navtitle class="- topic/navtitle ">Tool box</navtitle>
          <?ditaot gentext?>
          <linktext class="- map/linktext ">Tool box</linktext>
          <?ditaot genshortdesc?>
          <shortdesc class="- map/shortdesc ">A tool box contains many compartments for organizing
            tools and hardware.</shortdesc>
          <author class="- topic/author " xtrc="author:1;9:13"
            xtrf="file:/X:/learningDITA/vortragMetadaten/beispiele/samples/hierarchy.ditamap">Max
            Mustermann</author>
        </topicmeta>
      </topicref>
      <topicref audience="endUser serviceTechnician" class="- map/topicref "
        first_topic_id="#unique_17" href="#unique_17" id="unique_17"
        ohref="8c718b1e94ba918d9e435324c1e58a930314c692.xml" type="concept" xtrc="topicref:16;38:57"
        xtrf="file:/X:/learningDITA/vortragMetadaten/beispiele/samples/hierarchy.ditamap">
        <topicmeta class="- map/topicmeta ">
          <navtitle class="- topic/navtitle ">Tools</navtitle>
          <?ditaot gentext?>
          <linktext class="- map/linktext ">Tools</linktext>
          <?ditaot genshortdesc?>
          <shortdesc class="- map/shortdesc ">Invest in a good set of tools for doing all kinds of
            tasks around the house.</shortdesc>
          <author class="- topic/author " xtrc="author:1;9:13"
            xtrf="file:/X:/learningDITA/vortragMetadaten/beispiele/samples/hierarchy.ditamap">Max
            Mustermann</author>
        </topicmeta>
      </topicref>
      <topicref audience="endUser serviceTechnician" class="- map/topicref "
        first_topic_id="#unique_12" href="#unique_12" id="unique_12"
        ohref="94ffe561c8bb56b41e26ea929460b66f84b1393b.xml" type="concept" xtrc="topicref:17;39:61"
        xtrf="file:/X:/learningDITA/vortragMetadaten/beispiele/samples/hierarchy.ditamap">
        <topicmeta class="- map/topicmeta ">
          <navtitle class="- topic/navtitle ">Water hose</navtitle>
          <?ditaot gentext?>
          <linktext class="- map/linktext ">Water hose</linktext>
          <?ditaot genshortdesc?>
          <shortdesc class="- map/shortdesc ">A water hose is useful for cleaning and gardening
            projects around the yard.</shortdesc>
          <author class="- topic/author " xtrc="author:1;9:13"
            xtrf="file:/X:/learningDITA/vortragMetadaten/beispiele/samples/hierarchy.ditamap">Max
            Mustermann</author>
        </topicmeta>
      </topicref>
      <topicref audience="homeUser endUser serviceTechnician" class="- map/topicref "
        first_topic_id="#unique_18" href="#unique_18" id="unique_18"
        ohref="9f4da5aa373c219b96e5eb233d22e49906041c83.xml" type="concept" xtrc="topicref:18;40:83"
        xtrf="file:/X:/learningDITA/vortragMetadaten/beispiele/samples/hierarchy.ditamap">
        <topicmeta class="- map/topicmeta ">
          <navtitle class="- topic/navtitle ">Wheel barrow</navtitle>
          <?ditaot gentext?>
          <linktext class="- map/linktext ">Wheel barrow</linktext>
          <?ditaot genshortdesc?>
          <shortdesc class="- map/shortdesc ">A good wheel barrow will save your back from extensive
            trauma when you garden.</shortdesc>
          <author class="- topic/author " xtrc="author:1;9:13"
            xtrf="file:/X:/learningDITA/vortragMetadaten/beispiele/samples/hierarchy.ditamap">Max
            Mustermann</author>
        </topicmeta>
      </topicref>
      <topicref audience="homeUser" cascade="nomerge" class="- map/topicref "
        first_topic_id="#unique_19" href="#unique_19" id="unique_19"
        ohref="a00752fda29206b060dc44875b8e4845b4edb54a.xml" type="concept" xtrc="topicref:19;41:99"
        xtrf="file:/X:/learningDITA/vortragMetadaten/beispiele/samples/hierarchy.ditamap">
        <topicmeta class="- map/topicmeta ">
          <navtitle class="- topic/navtitle ">Workbench</navtitle>
          <?ditaot gentext?>
          <linktext class="- map/linktext ">Workbench</linktext>
          <?ditaot genshortdesc?>
          <shortdesc class="- map/shortdesc ">Use the workbench for storing tools and hardware, and
            for doing small projects.</shortdesc>
          <author class="- topic/author " xtrc="author:1;9:13"
            xtrf="file:/X:/learningDITA/vortragMetadaten/beispiele/samples/hierarchy.ditamap">Max
            Mustermann</author>
        </topicmeta>
      </topicref>
      <topicref audience="endUser serviceTechnician" class="- map/topicref "
        first_topic_id="#unique_4" href="#unique_4" id="unique_4"
        ohref="059ae29a631d3437e857cba7eab8036b79e1f566.xml" type="concept" xtrc="topicref:20;42:58"
        xtrf="file:/X:/learningDITA/vortragMetadaten/beispiele/samples/hierarchy.ditamap">
        <topicmeta class="- map/topicmeta ">
          <navtitle class="- topic/navtitle ">Windshield washer fluid</navtitle>
          <?ditaot gentext?>
          <linktext class="- map/linktext ">Windshield washer fluid</linktext>
          <?ditaot genshortdesc?>
          <shortdesc class="- map/shortdesc ">Windshield washer fluid is required to keep your
            windshield wipers functioning properly.</shortdesc>
          <author class="- topic/author " xtrc="author:2;44:17"
            xtrf="file:/X:/learningDITA/vortragMetadaten/beispiele/samples/hierarchy.ditamap">Maxim
            Musterfrau</author>
          <author class="- topic/author " xtrc="author:1;9:13"
            xtrf="file:/X:/learningDITA/vortragMetadaten/beispiele/samples/hierarchy.ditamap">Max
            Mustermann</author>
        </topicmeta>
      </topicref>
    </topicref>
  </opentopic:map>
  <concept xmlns:dita-ot="http://dita-ot.sourceforge.net/ns/201007/dita-ot"
    class="- topic/topic concept/concept " ditaarch:DITAArchVersion="1.3"
    domains="(topic concept) (topic abbrev-d) a(props deliveryTarget) (topic equation-d) (topic hazard-d) (topic hi-d) (topic indexing-d) (topic markup-d) (topic mathml-d) (topic pr-d) (topic relmgmt-d) (topic sw-d) (topic svg-d) (topic ui-d) (topic ut-d) (topic markup-d xml-d)"
    id="unique_1" oid="taskconcept" xml:lang="en-us" xtrc="concept:1;6:44"
    xtrf="file:/X:/learningDITA/vortragMetadaten/beispiele/samples/tasks/garagetaskoverview.xml">
    <title class="- topic/title " xtrc="title:1;7:10"
      xtrf="file:/X:/learningDITA/vortragMetadaten/beispiele/samples/tasks/garagetaskoverview.xml"
      >Garage Tasks</title>
    <shortdesc class="- topic/shortdesc " xtrc="shortdesc:1;8:14"
      xtrf="file:/X:/learningDITA/vortragMetadaten/beispiele/samples/tasks/garagetaskoverview.xml"
      >When you go into the garage, be prepared to get your hands dirty!</shortdesc>
    <prolog class="- topic/prolog ">
      <author class="- topic/author " xtrc="author:1;9:13"
        xtrf="file:/X:/learningDITA/vortragMetadaten/beispiele/samples/hierarchy.ditamap">Max
        Mustermann</author>
    </prolog>
    <conbody class="- topic/body  concept/conbody " xtrc="conbody:1;9:13"
      xtrf="file:/X:/learningDITA/vortragMetadaten/beispiele/samples/tasks/garagetaskoverview.xml"/>
    <task class="- topic/topic task/task " ditaarch:DITAArchVersion="1.3"
      domains="(topic task) (topic abbrev-d) a(props deliveryTarget) (topic equation-d) (topic hazard-d) (topic hi-d) (topic indexing-d) (topic markup-d) (topic mathml-d) (topic pr-d) (topic relmgmt-d) (topic sw-d) (topic svg-d) (topic ui-d) (topic ut-d) (topic markup-d xml-d) (topic task strictTaskbody-c)"
      id="unique_2" oid="changeoil" xml:lang="en-us" xtrc="task:1;6:39"
      xtrf="file:/X:/learningDITA/vortragMetadaten/beispiele/samples/tasks/changingtheoil.xml">
      <title class="- topic/title " xtrc="title:1;7:10"
        xtrf="file:/X:/learningDITA/vortragMetadaten/beispiele/samples/tasks/changingtheoil.xml"
        >Changing the oil in your car</title>
      <shortdesc class="- topic/shortdesc " xtrc="shortdesc:1;8:14"
        xtrf="file:/X:/learningDITA/vortragMetadaten/beispiele/samples/tasks/changingtheoil.xml"
        >Once every 6000 kilometers or three months, change the oil in your car.</shortdesc>
      <prolog class="- topic/prolog " xtrc="prolog:1;9:11"
        xtrf="file:/X:/learningDITA/vortragMetadaten/beispiele/samples/tasks/changingtheoil.xml">
        <author class="- topic/author " xtrc="author:1;9:13"
          xtrf="file:/X:/learningDITA/vortragMetadaten/beispiele/samples/hierarchy.ditamap">Max
          Mustermann</author>
        <metadata class="- topic/metadata " xtrc="metadata:1;6:33"
          xtrf="file:/X:/learningDITA/vortragMetadaten/beispiele/samples/metadata_module.dita">
          <prodinfo class="- topic/prodinfo " xtrc="prodinfo:1;7:23"
            xtrf="file:/X:/learningDITA/vortragMetadaten/beispiele/samples/metadata_module.dita">
            <prodname class="- topic/prodname " xtrc="prodname:1;8:27"
              xtrf="file:/X:/learningDITA/vortragMetadaten/beispiele/samples/metadata_module.dita"
              >Super Oil</prodname>
            <brand class="- topic/brand " xtrc="brand:1;9:24"
              xtrf="file:/X:/learningDITA/vortragMetadaten/beispiele/samples/metadata_module.dita"
              >Oilix</brand>
            <series class="- topic/series " xtrc="series:1;10:25"
              xtrf="file:/X:/learningDITA/vortragMetadaten/beispiele/samples/metadata_module.dita"
              >Motor Wellness</series>
          </prodinfo>
        </metadata>
      </prolog>
      <taskbody class="- topic/body task/taskbody " xtrc="taskbody:1;12:13"
        xtrf="file:/X:/learningDITA/vortragMetadaten/beispiele/samples/tasks/changingtheoil.xml">
        <context class="- topic/section task/context " xtrc="context:1;13:14"
          xtrf="file:/X:/learningDITA/vortragMetadaten/beispiele/samples/tasks/changingtheoil.xml">
          <p class="- topic/p " xtrc="p:1;14:10"
            xtrf="file:/X:/learningDITA/vortragMetadaten/beispiele/samples/tasks/changingtheoil.xml"
            >Changing the oil regularly will help keep the engine in good condition. </p>
        </context>
        <steps class="- topic/ol task/steps " xtrc="steps:1;16:12"
          xtrf="file:/X:/learningDITA/vortragMetadaten/beispiele/samples/tasks/changingtheoil.xml">
          <stepsection class="- topic/li task/stepsection " xtrc="stepsection:1;17:20"
            xtrf="file:/X:/learningDITA/vortragMetadaten/beispiele/samples/tasks/changingtheoil.xml"
            >To change the oil:</stepsection>
          <step class="- topic/li task/step " xtrc="step:1;18:13"
            xtrf="file:/X:/learningDITA/vortragMetadaten/beispiele/samples/tasks/changingtheoil.xml">
            <cmd class="- topic/ph task/cmd " xtrc="cmd:1;19:14"
              xtrf="file:/X:/learningDITA/vortragMetadaten/beispiele/samples/tasks/changingtheoil.xml"
              >Remove the old oil filter.</cmd>
          </step>
          <step class="- topic/li task/step " xtrc="step:2;21:13"
            xtrf="file:/X:/learningDITA/vortragMetadaten/beispiele/samples/tasks/changingtheoil.xml">
            <cmd class="- topic/ph task/cmd " xtrc="cmd:2;22:14"
              xtrf="file:/X:/learningDITA/vortragMetadaten/beispiele/samples/tasks/changingtheoil.xml"
              >Drain the old oil.</cmd>
          </step>
          <step class="- topic/li task/step " xtrc="step:3;24:13"
            xtrf="file:/X:/learningDITA/vortragMetadaten/beispiele/samples/tasks/changingtheoil.xml">
            <cmd class="- topic/ph task/cmd " xtrc="cmd:3;25:14"
              xtrf="file:/X:/learningDITA/vortragMetadaten/beispiele/samples/tasks/changingtheoil.xml"
              >Install a new oil filter and gasket.</cmd>
          </step>
          <step class="- topic/li task/step " xtrc="step:4;27:13"
            xtrf="file:/X:/learningDITA/vortragMetadaten/beispiele/samples/tasks/changingtheoil.xml">
            <cmd class="- topic/ph task/cmd " xtrc="cmd:4;28:14"
              xtrf="file:/X:/learningDITA/vortragMetadaten/beispiele/samples/tasks/changingtheoil.xml"
              >Add new oil to the engine.</cmd>
          </step>
          <step class="- topic/li task/step " xtrc="step:5;30:13"
            xtrf="file:/X:/learningDITA/vortragMetadaten/beispiele/samples/tasks/changingtheoil.xml">
            <cmd class="- topic/ph task/cmd " xtrc="cmd:5;31:14"
              xtrf="file:/X:/learningDITA/vortragMetadaten/beispiele/samples/tasks/changingtheoil.xml"
              >Check the air filter and replace or clean it.</cmd>
          </step>
          <step class="- topic/li task/step " xtrc="step:6;33:13"
            xtrf="file:/X:/learningDITA/vortragMetadaten/beispiele/samples/tasks/changingtheoil.xml">
            <cmd class="- topic/ph task/cmd " xtrc="cmd:6;34:14"
              xtrf="file:/X:/learningDITA/vortragMetadaten/beispiele/samples/tasks/changingtheoil.xml"
              >Top up the windshield washer fluid.</cmd>
          </step>
        </steps>
      </taskbody>
      <related-links class="- topic/related-links " xtrc="related-links:1;38:18"
        xtrf="file:/X:/learningDITA/vortragMetadaten/beispiele/samples/tasks/changingtheoil.xml">
        <link class="- topic/link " format="dita" href="#unique_3"
          ohref="734344eb51b9307d92316d125664091a1cc41446.xml" type="concept" xtrc="link:1;39:68"
          xtrf="file:/X:/learningDITA/vortragMetadaten/beispiele/samples/tasks/changingtheoil.xml">
          <?ditaot gentext?>
          <linktext class="- topic/linktext ">Oil</linktext>
          <?ditaot genshortdesc?>
          <desc class="- topic/desc ">Motor oil keeps your car's engine running smoothly.</desc>
        </link>
        <link class="- topic/link " format="dita" href="#unique_4"
          ohref="059ae29a631d3437e857cba7eab8036b79e1f566.xml" type="concept" xtrc="link:2;40:72"
          xtrf="file:/X:/learningDITA/vortragMetadaten/beispiele/samples/tasks/changingtheoil.xml">
          <?ditaot gentext?>
          <linktext class="- topic/linktext ">Windshield washer fluid</linktext>
          <?ditaot genshortdesc?>
          <desc class="- topic/desc ">Windshield washer fluid is required to keep your windshield
            wipers functioning properly.</desc>
        </link>
      </related-links>
    </task>
    <task class="- topic/topic task/task " ditaarch:DITAArchVersion="1.3"
      domains="(topic task) (topic abbrev-d) a(props deliveryTarget) (topic equation-d) (topic hazard-d) (topic hi-d) (topic indexing-d) (topic markup-d) (topic mathml-d) (topic pr-d) (topic relmgmt-d) (topic sw-d) (topic svg-d) (topic ui-d) (topic ut-d) (topic markup-d xml-d) (topic task strictTaskbody-c)"
      id="unique_5" oid="organize" xml:lang="en-us" xtrc="task:1;6:38"
      xtrf="file:/X:/learningDITA/vortragMetadaten/beispiele/samples/tasks/organizing.xml">
      <title class="- topic/title " xtrc="title:1;7:10"
        xtrf="file:/X:/learningDITA/vortragMetadaten/beispiele/samples/tasks/organizing.xml"
        >Organizing the workbench and tools</title>
      <shortdesc class="- topic/shortdesc " xtrc="shortdesc:1;8:14"
        xtrf="file:/X:/learningDITA/vortragMetadaten/beispiele/samples/tasks/organizing.xml">Keep
        your garage neat by organizing the things you keep in the garage.</shortdesc>
      <prolog class="- topic/prolog ">
        <author class="- topic/author " xtrc="author:1;9:13"
          xtrf="file:/X:/learningDITA/vortragMetadaten/beispiele/samples/hierarchy.ditamap">Max
          Mustermann</author>
      </prolog>
      <taskbody class="- topic/body task/taskbody " xtrc="taskbody:1;9:14"
        xtrf="file:/X:/learningDITA/vortragMetadaten/beispiele/samples/tasks/organizing.xml"/>
    </task>
    <task class="- topic/topic task/task " ditaarch:DITAArchVersion="1.3"
      domains="(topic task) (topic abbrev-d) a(props deliveryTarget) (topic equation-d) (topic hazard-d) (topic hi-d) (topic indexing-d) (topic markup-d) (topic mathml-d) (topic pr-d) (topic relmgmt-d) (topic sw-d) (topic svg-d) (topic ui-d) (topic ut-d) (topic markup-d xml-d) (topic task strictTaskbody-c)"
      id="unique_6" oid="shovellingsnow" product="shovel" xml:lang="en-us" xtrc="task:1;6:61"
      xtrf="file:/X:/learningDITA/vortragMetadaten/beispiele/samples/tasks/shovellingsnow.xml">
      <title class="- topic/title " xtrc="title:1;7:10"
        xtrf="file:/X:/learningDITA/vortragMetadaten/beispiele/samples/tasks/shovellingsnow.xml"
        >Shovelling snow</title>
      <shortdesc class="- topic/shortdesc " xtrc="shortdesc:1;8:14"
        xtrf="file:/X:/learningDITA/vortragMetadaten/beispiele/samples/tasks/shovellingsnow.xml"
        >Keep your driveway and sidewalks clear of snow and ice by shovelling after any
        snowfall.</shortdesc>
      <prolog class="- topic/prolog " xtrc="prolog:1;9:11"
        xtrf="file:/X:/learningDITA/vortragMetadaten/beispiele/samples/tasks/shovellingsnow.xml">
        <author class="- topic/author " xtrc="author:1;9:13"
          xtrf="file:/X:/learningDITA/vortragMetadaten/beispiele/samples/hierarchy.ditamap">Max
          Mustermann</author>
        <metadata class="- topic/metadata " xtrc="metadata:1;10:15"
          xtrf="file:/X:/learningDITA/vortragMetadaten/beispiele/samples/tasks/shovellingsnow.xml">
          <keywords class="- topic/keywords " xtrc="keywords:1;11:17"
            xtrf="file:/X:/learningDITA/vortragMetadaten/beispiele/samples/tasks/shovellingsnow.xml">
            <opentopic-index:index.entry value="winter">
              <opentopic-index:formatted-value>winter</opentopic-index:formatted-value>
              <opentopic-index:refID indexid="indexid1349960213" value="winter:"/>
            </opentopic-index:index.entry>
            <opentopic-index:index.entry value="accident prevention">
              <opentopic-index:formatted-value>accident prevention</opentopic-index:formatted-value>
              <opentopic-index:refID indexid="indexid-43781511" value="accident prevention:"/>
            </opentopic-index:index.entry>
          </keywords>
        </metadata>
      </prolog>
      <taskbody class="- topic/body task/taskbody " xtrc="taskbody:1;17:13"
        xtrf="file:/X:/learningDITA/vortragMetadaten/beispiele/samples/tasks/shovellingsnow.xml">
        <steps class="- topic/ol task/steps " xtrc="steps:1;18:12"
          xtrf="file:/X:/learningDITA/vortragMetadaten/beispiele/samples/tasks/shovellingsnow.xml">
          <step class="- topic/li task/step " xtrc="step:1;19:13"
            xtrf="file:/X:/learningDITA/vortragMetadaten/beispiele/samples/tasks/shovellingsnow.xml">
            <cmd class="- topic/ph task/cmd " xtrc="cmd:1;20:14"
              xtrf="file:/X:/learningDITA/vortragMetadaten/beispiele/samples/tasks/shovellingsnow.xml"
              >Get the shovel out of the garage</cmd>
          </step>
          <step class="- topic/li task/step " xtrc="step:2;22:13"
            xtrf="file:/X:/learningDITA/vortragMetadaten/beispiele/samples/tasks/shovellingsnow.xml">
            <cmd class="- topic/ph task/cmd " xtrc="cmd:2;23:14"
              xtrf="file:/X:/learningDITA/vortragMetadaten/beispiele/samples/tasks/shovellingsnow.xml"
              >Shovel the driveway, starting at the garage door and working out to the street.</cmd>
          </step>
          <step class="- topic/li task/step " xtrc="step:3;25:13"
            xtrf="file:/X:/learningDITA/vortragMetadaten/beispiele/samples/tasks/shovellingsnow.xml">
            <cmd class="- topic/ph task/cmd " xtrc="cmd:3;26:14"
              xtrf="file:/X:/learningDITA/vortragMetadaten/beispiele/samples/tasks/shovellingsnow.xml"
              >Shovel the sidewalk in front of your house.</cmd>
          </step>
          <step class="- topic/li task/step " xtrc="step:4;28:13"
            xtrf="file:/X:/learningDITA/vortragMetadaten/beispiele/samples/tasks/shovellingsnow.xml">
            <cmd class="- topic/ph task/cmd " xtrc="cmd:4;29:14"
              xtrf="file:/X:/learningDITA/vortragMetadaten/beispiele/samples/tasks/shovellingsnow.xml"
              >Shovel the walk to your front door.</cmd>
          </step>
        </steps>
      </taskbody>
      <related-links class="- topic/related-links " xtrc="related-links:1;33:18"
        xtrf="file:/X:/learningDITA/vortragMetadaten/beispiele/samples/tasks/shovellingsnow.xml">
        <link class="- topic/link " format="dita" href="#unique_7"
          ohref="98a9b303ff9763863d0ddb2cfedbbbbb55630902.xml" type="concept" xtrc="link:1;34:75"
          xtrf="file:/X:/learningDITA/vortragMetadaten/beispiele/samples/tasks/shovellingsnow.xml">
          <?ditaot gentext?>
          <linktext class="- topic/linktext ">Snow shovel</linktext>
          <?ditaot genshortdesc?>
          <desc class="- topic/desc ">Use the snow shovel to clear the drive way and side walk of
            snow in the winter.</desc>
        </link>
      </related-links>
    </task>
    <task class="- topic/topic task/task " ditaarch:DITAArchVersion="1.3"
      domains="(topic task) (topic abbrev-d) a(props deliveryTarget) (topic equation-d) (topic hazard-d) (topic hi-d) (topic indexing-d) (topic markup-d) (topic mathml-d) (topic pr-d) (topic relmgmt-d) (topic sw-d) (topic svg-d) (topic ui-d) (topic ut-d) (topic markup-d xml-d) (topic task strictTaskbody-c)"
      id="unique_8" oid="spraypaint" xml:lang="en-us" xtrc="task:1;6:40"
      xtrf="file:/X:/learningDITA/vortragMetadaten/beispiele/samples/tasks/spraypainting.xml">
      <title class="- topic/title " xtrc="title:1;7:10"
        xtrf="file:/X:/learningDITA/vortragMetadaten/beispiele/samples/tasks/spraypainting.xml"
        >Spray painting</title>
      <shortdesc class="- topic/shortdesc " xtrc="shortdesc:1;8:14"
        xtrf="file:/X:/learningDITA/vortragMetadaten/beispiele/samples/tasks/spraypainting.xml">When
        paint is applied using a spray nozzle, it is referred to as spray painting.</shortdesc>
      <prolog class="- topic/prolog ">
        <author class="- topic/author " xtrc="author:1;9:13"
          xtrf="file:/X:/learningDITA/vortragMetadaten/beispiele/samples/hierarchy.ditamap">Max
          Mustermann</author>
      </prolog>
      <taskbody class="- topic/body task/taskbody " xtrc="taskbody:1;9:13"
        xtrf="file:/X:/learningDITA/vortragMetadaten/beispiele/samples/tasks/spraypainting.xml">
        <context class="- topic/section task/context " xtrc="context:1;10:14"
          xtrf="file:/X:/learningDITA/vortragMetadaten/beispiele/samples/tasks/spraypainting.xml">
          <p class="- topic/p " xtrc="p:1;11:10"
            xtrf="file:/X:/learningDITA/vortragMetadaten/beispiele/samples/tasks/spraypainting.xml"
            >The garage is a good place to spray paint.</p>
        </context>
        <steps class="- topic/ol task/steps " xtrc="steps:1;12:12"
          xtrf="file:/X:/learningDITA/vortragMetadaten/beispiele/samples/tasks/spraypainting.xml">
          <step class="- topic/li task/step " xtrc="step:1;13:13"
            xtrf="file:/X:/learningDITA/vortragMetadaten/beispiele/samples/tasks/spraypainting.xml">
            <cmd class="- topic/ph task/cmd " xtrc="cmd:1;14:14"
              xtrf="file:/X:/learningDITA/vortragMetadaten/beispiele/samples/tasks/spraypainting.xml"
              >Move the car out of the garage to avoid getting paint on it.</cmd>
          </step>
          <step class="- topic/li task/step " xtrc="step:2;16:13"
            xtrf="file:/X:/learningDITA/vortragMetadaten/beispiele/samples/tasks/spraypainting.xml">
            <cmd class="- topic/ph task/cmd " xtrc="cmd:2;17:14"
              xtrf="file:/X:/learningDITA/vortragMetadaten/beispiele/samples/tasks/spraypainting.xml"
              >Place newspaper, cardboard, or a drop-cloth on the garage floor.</cmd>
          </step>
          <step class="- topic/li task/step " xtrc="step:3;19:13"
            xtrf="file:/X:/learningDITA/vortragMetadaten/beispiele/samples/tasks/spraypainting.xml">
            <cmd class="- topic/ph task/cmd " xtrc="cmd:3;20:14"
              xtrf="file:/X:/learningDITA/vortragMetadaten/beispiele/samples/tasks/spraypainting.xml"
              >Place the object to be painted on the covered area.</cmd>
          </step>
          <step class="- topic/li task/step " xtrc="step:4;22:13"
            xtrf="file:/X:/learningDITA/vortragMetadaten/beispiele/samples/tasks/spraypainting.xml">
            <cmd class="- topic/ph task/cmd " xtrc="cmd:4;23:14"
              xtrf="file:/X:/learningDITA/vortragMetadaten/beispiele/samples/tasks/spraypainting.xml"
              >Follow the directions on the paint can to paint the object.</cmd>
          </step>
          <step class="- topic/li task/step " xtrc="step:5;25:13"
            xtrf="file:/X:/learningDITA/vortragMetadaten/beispiele/samples/tasks/spraypainting.xml">
            <cmd class="- topic/ph task/cmd " xtrc="cmd:5;26:14"
              xtrf="file:/X:/learningDITA/vortragMetadaten/beispiele/samples/tasks/spraypainting.xml"
              >Let the paint dry thoroughly before you move the object.</cmd>
          </step>
        </steps>
      </taskbody>
      <related-links class="- topic/related-links " xtrc="related-links:1;30:18"
        xtrf="file:/X:/learningDITA/vortragMetadaten/beispiele/samples/tasks/spraypainting.xml">
        <link class="- topic/link " format="dita" href="#unique_9"
          ohref="eab78d5ca1af1945fe52a4906addca53fc5804fe.xml" type="concept" xtrc="link:1;31:70"
          xtrf="file:/X:/learningDITA/vortragMetadaten/beispiele/samples/tasks/spraypainting.xml">
          <?ditaot gentext?>
          <linktext class="- topic/linktext ">Paint</linktext>
          <?ditaot genshortdesc?>
          <desc class="- topic/desc ">Paint is useful for refreshing the look of rooms and
            furniture.</desc>
        </link>
      </related-links>
    </task>
    <task class="- topic/topic task/task " ditaarch:DITAArchVersion="1.3"
      domains="(topic task) (topic abbrev-d) a(props deliveryTarget) (topic equation-d) (topic hazard-d) (topic hi-d) (topic indexing-d) (topic markup-d) (topic mathml-d) (topic pr-d) (topic relmgmt-d) (topic sw-d) (topic svg-d) (topic ui-d) (topic ut-d) (topic markup-d xml-d) (topic task strictTaskbody-c)"
      id="unique_10" oid="takinggarbage" xml:lang="en-us" xtrc="task:1;6:43"
      xtrf="file:/X:/learningDITA/vortragMetadaten/beispiele/samples/tasks/takinggarbage.xml">
      <title class="- topic/title " xtrc="title:1;7:10"
        xtrf="file:/X:/learningDITA/vortragMetadaten/beispiele/samples/tasks/takinggarbage.xml"
        >Taking out the garbage</title>
      <shortdesc class="- topic/shortdesc " xtrc="shortdesc:1;8:14"
        xtrf="file:/X:/learningDITA/vortragMetadaten/beispiele/samples/tasks/takinggarbage.xml"
        >Regular garbage removal is necessary for the proper functioning of a home.</shortdesc>
      <prolog class="- topic/prolog ">
        <author class="- topic/author " xtrc="author:1;9:13"
          xtrf="file:/X:/learningDITA/vortragMetadaten/beispiele/samples/hierarchy.ditamap">Max
          Mustermann</author>
      </prolog>
      <taskbody class="- topic/body task/taskbody " xtrc="taskbody:1;9:13"
        xtrf="file:/X:/learningDITA/vortragMetadaten/beispiele/samples/tasks/takinggarbage.xml">
        <context class="- topic/section task/context " xtrc="context:1;10:14"
          xtrf="file:/X:/learningDITA/vortragMetadaten/beispiele/samples/tasks/takinggarbage.xml">
          <p class="- topic/p " xtrc="p:1;11:10"
            xtrf="file:/X:/learningDITA/vortragMetadaten/beispiele/samples/tasks/takinggarbage.xml"
            >Your municipality collects garbage from homes once a week, usually early in the
            morning.</p>
        </context>
        <steps class="- topic/ol task/steps " xtrc="steps:1;12:12"
          xtrf="file:/X:/learningDITA/vortragMetadaten/beispiele/samples/tasks/takinggarbage.xml">
          <step class="- topic/li task/step " xtrc="step:1;13:13"
            xtrf="file:/X:/learningDITA/vortragMetadaten/beispiele/samples/tasks/takinggarbage.xml">
            <cmd class="- topic/ph task/cmd " xtrc="cmd:1;14:14"
              xtrf="file:/X:/learningDITA/vortragMetadaten/beispiele/samples/tasks/takinggarbage.xml"
              >Find out from the town what day of the week garbage is collected in your
              neighborhood.</cmd>
          </step>
          <step class="- topic/li task/step " xtrc="step:2;16:13"
            xtrf="file:/X:/learningDITA/vortragMetadaten/beispiele/samples/tasks/takinggarbage.xml">
            <cmd class="- topic/ph task/cmd " xtrc="cmd:2;17:14"
              xtrf="file:/X:/learningDITA/vortragMetadaten/beispiele/samples/tasks/takinggarbage.xml"
              >The night before collection, place the garbage cans on the curb.</cmd>
          </step>
          <step class="- topic/li task/step " xtrc="step:3;19:13"
            xtrf="file:/X:/learningDITA/vortragMetadaten/beispiele/samples/tasks/takinggarbage.xml">
            <cmd class="- topic/ph task/cmd " xtrc="cmd:3;20:14"
              xtrf="file:/X:/learningDITA/vortragMetadaten/beispiele/samples/tasks/takinggarbage.xml"
              >After the garbage has been collected, move the cans back into your garage.</cmd>
          </step>
        </steps>
      </taskbody>
    </task>
    <task audience="cleaner" class="- topic/topic task/task " ditaarch:DITAArchVersion="1.3"
      domains="(topic task) (topic abbrev-d) a(props deliveryTarget) (topic equation-d) (topic hazard-d) (topic hi-d) (topic indexing-d) (topic markup-d) (topic mathml-d) (topic pr-d) (topic relmgmt-d) (topic sw-d) (topic svg-d) (topic ui-d) (topic ut-d) (topic markup-d xml-d) (topic task strictTaskbody-c)"
      id="unique_11" oid="washcar" product="SuperSoap" xml:lang="en-us" xtrc="task:1;6:76"
      xtrf="file:/X:/learningDITA/vortragMetadaten/beispiele/samples/tasks/washingthecar.xml">
      <title class="- topic/title " xtrc="title:1;7:10"
        xtrf="file:/X:/learningDITA/vortragMetadaten/beispiele/samples/tasks/washingthecar.xml"
        >Washing the car</title>
      <shortdesc class="- topic/shortdesc " xtrc="shortdesc:1;8:14"
        xtrf="file:/X:/learningDITA/vortragMetadaten/beispiele/samples/tasks/washingthecar.xml">Keep
        your car looking great by washing it regularly.</shortdesc>
      <prolog class="- topic/prolog " xtrc="prolog:1;9:11"
        xtrf="file:/X:/learningDITA/vortragMetadaten/beispiele/samples/tasks/washingthecar.xml">
        <author class="- topic/author " xtrc="author:1;9:13"
          xtrf="file:/X:/learningDITA/vortragMetadaten/beispiele/samples/hierarchy.ditamap">Max
          Mustermann</author>
        <metadata class="- topic/metadata " xtrc="metadata:1;10:15"
          xtrf="file:/X:/learningDITA/vortragMetadaten/beispiele/samples/tasks/washingthecar.xml">
          <audience class="- topic/audience " experiencelevel="novice" type="cleaner"
            xtrc="audience:1;11:58"
            xtrf="file:/X:/learningDITA/vortragMetadaten/beispiele/samples/tasks/washingthecar.xml"/>
          <prodinfo class="- topic/prodinfo " xtrc="prodinfo:1;12:17"
            xtrf="file:/X:/learningDITA/vortragMetadaten/beispiele/samples/tasks/washingthecar.xml">
            <prodname class="- topic/prodname " xtrc="prodname:1;13:19"
              xtrf="file:/X:/learningDITA/vortragMetadaten/beispiele/samples/tasks/washingthecar.xml"
              >Super Soap</prodname>
            <brand class="- topic/brand " xtrc="brand:1;14:16"
              xtrf="file:/X:/learningDITA/vortragMetadaten/beispiele/samples/tasks/washingthecar.xml"
              >Cleanix</brand>
            <series class="- topic/series " xtrc="series:1;15:17"
              xtrf="file:/X:/learningDITA/vortragMetadaten/beispiele/samples/tasks/washingthecar.xml"
              >Car Wash</series>
          </prodinfo>
        </metadata>
      </prolog>
      <taskbody class="- topic/body task/taskbody " xtrc="taskbody:1;19:13"
        xtrf="file:/X:/learningDITA/vortragMetadaten/beispiele/samples/tasks/washingthecar.xml">
        <steps class="- topic/ol task/steps " xtrc="steps:1;20:12"
          xtrf="file:/X:/learningDITA/vortragMetadaten/beispiele/samples/tasks/washingthecar.xml">
          <step class="- topic/li task/step " xtrc="step:1;21:13"
            xtrf="file:/X:/learningDITA/vortragMetadaten/beispiele/samples/tasks/washingthecar.xml">
            <cmd class="- topic/ph task/cmd " xtrc="cmd:1;22:14"
              xtrf="file:/X:/learningDITA/vortragMetadaten/beispiele/samples/tasks/washingthecar.xml"
              >Move the car onto the driveway.</cmd>
          </step>
          <step class="- topic/li task/step " xtrc="step:2;24:13"
            xtrf="file:/X:/learningDITA/vortragMetadaten/beispiele/samples/tasks/washingthecar.xml">
            <cmd class="- topic/ph task/cmd " xtrc="cmd:2;25:14"
              xtrf="file:/X:/learningDITA/vortragMetadaten/beispiele/samples/tasks/washingthecar.xml"
              >Attach the water hose to a spout and pull the free end over to the car.</cmd>
          </step>
          <step class="- topic/li task/step " xtrc="step:3;27:13"
            xtrf="file:/X:/learningDITA/vortragMetadaten/beispiele/samples/tasks/washingthecar.xml">
            <cmd class="- topic/ph task/cmd " xtrc="cmd:3;28:14"
              xtrf="file:/X:/learningDITA/vortragMetadaten/beispiele/samples/tasks/washingthecar.xml"
              >Fill a bucket with soapy water.</cmd>
          </step>
          <step class="- topic/li task/step " xtrc="step:4;30:13"
            xtrf="file:/X:/learningDITA/vortragMetadaten/beispiele/samples/tasks/washingthecar.xml">
            <cmd class="- topic/ph task/cmd " xtrc="cmd:4;31:14"
              xtrf="file:/X:/learningDITA/vortragMetadaten/beispiele/samples/tasks/washingthecar.xml"
              >Use a sponge to apply the soapy water to the car and scrub off the dirt.</cmd>
          </step>
          <step class="- topic/li task/step " xtrc="step:5;33:13"
            xtrf="file:/X:/learningDITA/vortragMetadaten/beispiele/samples/tasks/washingthecar.xml">
            <cmd class="- topic/ph task/cmd " xtrc="cmd:5;34:14"
              xtrf="file:/X:/learningDITA/vortragMetadaten/beispiele/samples/tasks/washingthecar.xml"
              >Rinse the car by spraying clean water from the hose.</cmd>
          </step>
          <step class="- topic/li task/step " xtrc="step:6;36:13"
            xtrf="file:/X:/learningDITA/vortragMetadaten/beispiele/samples/tasks/washingthecar.xml">
            <cmd class="- topic/ph task/cmd " xtrc="cmd:6;37:14"
              xtrf="file:/X:/learningDITA/vortragMetadaten/beispiele/samples/tasks/washingthecar.xml"
              >Dry the car using a dampened chamois.</cmd>
          </step>
        </steps>
        <result class="- topic/section task/result " xtrc="result:1;40:13"
          xtrf="file:/X:/learningDITA/vortragMetadaten/beispiele/samples/tasks/washingthecar.xml">
          <p class="- topic/p " xtrc="p:1;41:10"
            xtrf="file:/X:/learningDITA/vortragMetadaten/beispiele/samples/tasks/washingthecar.xml">
            <image class="- topic/image " height="171"
              href="8058ece50e1863934a0087a111a783ba59e5d581.jpg" placement="inline" width="249"
              xtrc="image:1;42:69"
              xtrf="file:/X:/learningDITA/vortragMetadaten/beispiele/samples/tasks/washingthecar.xml">
              <alt class="- topic/alt " xtrc="alt:1;43:16"
                xtrf="file:/X:/learningDITA/vortragMetadaten/beispiele/samples/tasks/washingthecar.xml"
                >washing the car</alt>
            </image>
          </p>
        </result>
      </taskbody>
      <related-links class="- topic/related-links " xtrc="related-links:1;48:18"
        xtrf="file:/X:/learningDITA/vortragMetadaten/beispiele/samples/tasks/washingthecar.xml">
        <link class="- topic/link " format="dita" href="#unique_12"
          ohref="94ffe561c8bb56b41e26ea929460b66f84b1393b.xml" type="concept" xtrc="link:1;49:74"
          xtrf="file:/X:/learningDITA/vortragMetadaten/beispiele/samples/tasks/washingthecar.xml">
          <?ditaot gentext?>
          <linktext class="- topic/linktext ">Water hose</linktext>
          <?ditaot genshortdesc?>
          <desc class="- topic/desc ">A water hose is useful for cleaning and gardening projects
            around the yard.</desc>
        </link>
      </related-links>
    </task>
  </concept>
  <concept xmlns:dita-ot="http://dita-ot.sourceforge.net/ns/201007/dita-ot"
    class="- topic/topic concept/concept " ditaarch:DITAArchVersion="1.3"
    domains="(topic concept) (topic abbrev-d) a(props deliveryTarget) (topic equation-d) (topic hazard-d) (topic hi-d) (topic indexing-d) (topic markup-d) (topic mathml-d) (topic pr-d) (topic relmgmt-d) (topic sw-d) (topic svg-d) (topic ui-d) (topic ut-d) (topic markup-d xml-d)"
    id="unique_13" oid="conceptconcept" xml:lang="en-us" xtrc="concept:1;6:47"
    xtrf="file:/X:/learningDITA/vortragMetadaten/beispiele/samples/concepts/garageconceptsoverview.xml">
    <title class="- topic/title " xtrc="title:1;7:10"
      xtrf="file:/X:/learningDITA/vortragMetadaten/beispiele/samples/concepts/garageconceptsoverview.xml"
      >Garage Concepts</title>
    <shortdesc class="- topic/shortdesc " xtrc="shortdesc:1;8:14"
      xtrf="file:/X:/learningDITA/vortragMetadaten/beispiele/samples/concepts/garageconceptsoverview.xml"
      >A well-stocked garage can be the envy of the neighborhood.</shortdesc>
    <prolog class="- topic/prolog ">
      <author class="- topic/author " xtrc="author:1;9:13"
        xtrf="file:/X:/learningDITA/vortragMetadaten/beispiele/samples/hierarchy.ditamap">Max
        Mustermann</author>
    </prolog>
    <conbody class="- topic/body  concept/conbody " xtrc="conbody:1;9:13"
      xtrf="file:/X:/learningDITA/vortragMetadaten/beispiele/samples/concepts/garageconceptsoverview.xml"/>
    <concept class="- topic/topic concept/concept " ditaarch:DITAArchVersion="1.3"
      domains="(topic concept) (topic abbrev-d) a(props deliveryTarget) (topic equation-d) (topic hazard-d) (topic hi-d) (topic indexing-d) (topic markup-d) (topic mathml-d) (topic pr-d) (topic relmgmt-d) (topic sw-d) (topic svg-d) (topic ui-d) (topic ut-d) (topic markup-d xml-d)"
      id="unique_14" oid="lawnmowerconcept" xml:lang="en-us" xtrc="concept:1;6:49"
      xtrf="file:/X:/learningDITA/vortragMetadaten/beispiele/samples/concepts/lawnmower.xml">
      <title class="- topic/title " xtrc="title:1;7:10"
        xtrf="file:/X:/learningDITA/vortragMetadaten/beispiele/samples/concepts/lawnmower.xml"
        >Lawnmower</title>
      <shortdesc class="- topic/shortdesc " xtrc="shortdesc:1;8:14"
        xtrf="file:/X:/learningDITA/vortragMetadaten/beispiele/samples/concepts/lawnmower.xml">The
        lawnmower is a machine used to cut grass in the yard.</shortdesc>
      <prolog class="- topic/prolog ">
        <author class="- topic/author " xtrc="author:1;9:13"
          xtrf="file:/X:/learningDITA/vortragMetadaten/beispiele/samples/hierarchy.ditamap">Max
          Mustermann</author>
      </prolog>
      <conbody class="- topic/body  concept/conbody " xtrc="conbody:1;9:12"
        xtrf="file:/X:/learningDITA/vortragMetadaten/beispiele/samples/concepts/lawnmower.xml">
        <p class="- topic/p " xtrc="p:1;10:8"
          xtrf="file:/X:/learningDITA/vortragMetadaten/beispiele/samples/concepts/lawnmower.xml"
          >Lawnmowers can be electric, gas-powered, or manual.</p>
      </conbody>
    </concept>
    <concept class="- topic/topic concept/concept " ditaarch:DITAArchVersion="1.3"
      domains="(topic concept) (topic abbrev-d) a(props deliveryTarget) (topic equation-d) (topic hazard-d) (topic hi-d) (topic indexing-d) (topic markup-d) (topic mathml-d) (topic pr-d) (topic relmgmt-d) (topic sw-d) (topic svg-d) (topic ui-d) (topic ut-d) (topic markup-d xml-d)"
      id="unique_3" oid="oilconcept" xml:lang="en-us" xtrc="concept:1;6:43"
      xtrf="file:/X:/learningDITA/vortragMetadaten/beispiele/samples/concepts/oil.xml">
      <title class="- topic/title " xtrc="title:1;7:10"
        xtrf="file:/X:/learningDITA/vortragMetadaten/beispiele/samples/concepts/oil.xml">Oil</title>
      <shortdesc class="- topic/shortdesc " xtrc="shortdesc:1;8:14"
        xtrf="file:/X:/learningDITA/vortragMetadaten/beispiele/samples/concepts/oil.xml">Motor oil
        keeps your car's engine running smoothly.</shortdesc>
      <prolog class="- topic/prolog " xtrc="prolog:1;9:11"
        xtrf="file:/X:/learningDITA/vortragMetadaten/beispiele/samples/concepts/oil.xml">
        <author class="- topic/author " xtrc="author:1;9:13"
          xtrf="file:/X:/learningDITA/vortragMetadaten/beispiele/samples/hierarchy.ditamap">Max
          Mustermann</author>
        <metadata class="- topic/metadata " xtrc="metadata:1;6:33"
          xtrf="file:/X:/learningDITA/vortragMetadaten/beispiele/samples/metadata_module.dita">
          <prodinfo class="- topic/prodinfo " xtrc="prodinfo:1;7:23"
            xtrf="file:/X:/learningDITA/vortragMetadaten/beispiele/samples/metadata_module.dita">
            <prodname class="- topic/prodname " xtrc="prodname:1;8:27"
              xtrf="file:/X:/learningDITA/vortragMetadaten/beispiele/samples/metadata_module.dita"
              >Super Oil</prodname>
            <brand class="- topic/brand " xtrc="brand:1;9:24"
              xtrf="file:/X:/learningDITA/vortragMetadaten/beispiele/samples/metadata_module.dita"
              >Oilix</brand>
            <series class="- topic/series " xtrc="series:1;10:25"
              xtrf="file:/X:/learningDITA/vortragMetadaten/beispiele/samples/metadata_module.dita"
              >Motor Wellness</series>
          </prodinfo>
        </metadata>
      </prolog>
      <conbody class="- topic/body  concept/conbody " xtrc="conbody:1;12:12"
        xtrf="file:/X:/learningDITA/vortragMetadaten/beispiele/samples/concepts/oil.xml">
        <p class="- topic/p " product="shinyBeamer" xtrc="p:1;13:30"
          xtrf="file:/X:/learningDITA/vortragMetadaten/beispiele/samples/concepts/oil.xml">Oil
          should be changed every 6000 kilometers.</p>
        <p class="- topic/p " product="oldRustee" xtrc="p:2;14:28"
          xtrf="file:/X:/learningDITA/vortragMetadaten/beispiele/samples/concepts/oil.xml">Oil
          should be changed every 10000 kilometers.</p>
        <p audience="serviceTechnician" class="- topic/p " xtrc="p:3;15:37"
          xtrf="file:/X:/learningDITA/vortragMetadaten/beispiele/samples/concepts/oil.xml">Don't
          change, just charge.</p>
      </conbody>
      <related-links class="- topic/related-links " xtrc="related-links:1;17:18"
        xtrf="file:/X:/learningDITA/vortragMetadaten/beispiele/samples/concepts/oil.xml">
        <link class="- topic/link " format="dita" href="#unique_2"
          ohref="1523dc8f6cdcf7ed1344370d402fc7983b4bd830.xml" type="task" xtrc="link:1;18:73"
          xtrf="file:/X:/learningDITA/vortragMetadaten/beispiele/samples/concepts/oil.xml">
          <?ditaot gentext?>
          <linktext class="- topic/linktext ">Changing the oil in your car</linktext>
          <?ditaot genshortdesc?>
          <desc class="- topic/desc ">Once every 6000 kilometers or three months, change the oil in
            your car.</desc>
        </link>
      </related-links>
    </concept>
    <concept class="- topic/topic concept/concept " ditaarch:DITAArchVersion="1.3"
      domains="(topic concept) (topic abbrev-d) a(props deliveryTarget) (topic equation-d) (topic hazard-d) (topic hi-d) (topic indexing-d) (topic markup-d) (topic mathml-d) (topic pr-d) (topic relmgmt-d) (topic sw-d) (topic svg-d) (topic ui-d) (topic ut-d) (topic markup-d xml-d)"
      id="unique_9" oid="paintconcept" xml:lang="en-us" xtrc="concept:1;6:45"
      xtrf="file:/X:/learningDITA/vortragMetadaten/beispiele/samples/concepts/paint.xml">
      <title class="- topic/title " xtrc="title:1;7:10"
        xtrf="file:/X:/learningDITA/vortragMetadaten/beispiele/samples/concepts/paint.xml"
        >Paint</title>
      <shortdesc class="- topic/shortdesc " xtrc="shortdesc:1;8:14"
        xtrf="file:/X:/learningDITA/vortragMetadaten/beispiele/samples/concepts/paint.xml">Paint is
        useful for refreshing the look of rooms and furniture.</shortdesc>
      <prolog class="- topic/prolog ">
        <author class="- topic/author " xtrc="author:1;9:13"
          xtrf="file:/X:/learningDITA/vortragMetadaten/beispiele/samples/hierarchy.ditamap">Max
          Mustermann</author>
      </prolog>
      <conbody class="- topic/body  concept/conbody " xtrc="conbody:1;9:12"
        xtrf="file:/X:/learningDITA/vortragMetadaten/beispiele/samples/concepts/paint.xml">
        <p class="- topic/p " xtrc="p:1;10:8"
          xtrf="file:/X:/learningDITA/vortragMetadaten/beispiele/samples/concepts/paint.xml">Store
          unused paint in the garage.</p>
      </conbody>
      <related-links class="- topic/related-links " xtrc="related-links:1;12:18"
        xtrf="file:/X:/learningDITA/vortragMetadaten/beispiele/samples/concepts/paint.xml">
        <link class="- topic/link " format="dita" href="#unique_8"
          ohref="fbf9bec6cc4ea7fad6aa45ec3b17bbebc2bf4473.xml" type="task" xtrc="link:1;13:72"
          xtrf="file:/X:/learningDITA/vortragMetadaten/beispiele/samples/concepts/paint.xml">
          <?ditaot gentext?>
          <linktext class="- topic/linktext ">Spray painting</linktext>
          <?ditaot genshortdesc?>
          <desc class="- topic/desc ">When paint is applied using a spray nozzle, it is referred to
            as spray painting.</desc>
        </link>
      </related-links>
    </concept>
    <concept class="- topic/topic concept/concept " ditaarch:DITAArchVersion="1.3"
      domains="(topic concept) (topic abbrev-d) a(props deliveryTarget) (topic equation-d) (topic hazard-d) (topic hi-d) (topic indexing-d) (topic markup-d) (topic mathml-d) (topic pr-d) (topic relmgmt-d) (topic sw-d) (topic svg-d) (topic ui-d) (topic ut-d) (topic markup-d xml-d)"
      id="unique_15" oid="shelvingconcept" xml:lang="en-us" xtrc="concept:1;6:48"
      xtrf="file:/X:/learningDITA/vortragMetadaten/beispiele/samples/concepts/shelving.xml">
      <title class="- topic/title " xtrc="title:1;7:10"
        xtrf="file:/X:/learningDITA/vortragMetadaten/beispiele/samples/concepts/shelving.xml"
        >Shelving</title>
      <shortdesc class="- topic/shortdesc " xtrc="shortdesc:1;8:14"
        xtrf="file:/X:/learningDITA/vortragMetadaten/beispiele/samples/concepts/shelving.xml">Wooden
        or metal shelving is useful for storing things in the garage.</shortdesc>
      <prolog class="- topic/prolog ">
        <author class="- topic/author " xtrc="author:1;9:13"
          xtrf="file:/X:/learningDITA/vortragMetadaten/beispiele/samples/hierarchy.ditamap">Max
          Mustermann</author>
      </prolog>
      <conbody class="- topic/body  concept/conbody " xtrc="conbody:1;9:12"
        xtrf="file:/X:/learningDITA/vortragMetadaten/beispiele/samples/concepts/shelving.xml">
        <p class="- topic/p " xtrc="p:1;10:8"
          xtrf="file:/X:/learningDITA/vortragMetadaten/beispiele/samples/concepts/shelving.xml"
          >Shelving also keeps things neat and organized.</p>
      </conbody>
      <related-links class="- topic/related-links " xtrc="related-links:1;12:18"
        xtrf="file:/X:/learningDITA/vortragMetadaten/beispiele/samples/concepts/shelving.xml">
        <link class="- topic/link " format="dita" href="#unique_5"
          ohref="4f1a52e8009306daef39af851cca74e4c1ce54e7.xml" type="task" xtrc="link:1;13:69"
          xtrf="file:/X:/learningDITA/vortragMetadaten/beispiele/samples/concepts/shelving.xml">
          <?ditaot gentext?>
          <linktext class="- topic/linktext ">Organizing the workbench and tools</linktext>
          <?ditaot genshortdesc?>
          <desc class="- topic/desc ">Keep your garage neat by organizing the things you keep in the
            garage.</desc>
        </link>
      </related-links>
    </concept>
    <concept class="- topic/topic concept/concept " ditaarch:DITAArchVersion="1.3"
      domains="(topic concept) (topic abbrev-d) a(props deliveryTarget) (topic equation-d) (topic hazard-d) (topic hi-d) (topic indexing-d) (topic markup-d) (topic mathml-d) (topic pr-d) (topic relmgmt-d) (topic sw-d) (topic svg-d) (topic ui-d) (topic ut-d) (topic markup-d xml-d)"
      id="unique_7" oid="snowshovelconcept" xml:lang="en-us" xtrc="concept:1;6:50"
      xtrf="file:/X:/learningDITA/vortragMetadaten/beispiele/samples/concepts/snowshovel.xml">
      <title class="- topic/title " xtrc="title:1;7:10"
        xtrf="file:/X:/learningDITA/vortragMetadaten/beispiele/samples/concepts/snowshovel.xml">Snow
        shovel</title>
      <shortdesc class="- topic/shortdesc " xtrc="shortdesc:1;8:14"
        xtrf="file:/X:/learningDITA/vortragMetadaten/beispiele/samples/concepts/snowshovel.xml">Use
        the snow shovel to clear the drive way and side walk of snow in the winter.</shortdesc>
      <prolog class="- topic/prolog ">
        <author class="- topic/author " xtrc="author:1;9:13"
          xtrf="file:/X:/learningDITA/vortragMetadaten/beispiele/samples/hierarchy.ditamap">Max
          Mustermann</author>
      </prolog>
      <conbody class="- topic/body  concept/conbody " xtrc="conbody:1;9:12"
        xtrf="file:/X:/learningDITA/vortragMetadaten/beispiele/samples/concepts/snowshovel.xml">
        <p class="- topic/p " xtrc="p:1;10:8"
          xtrf="file:/X:/learningDITA/vortragMetadaten/beispiele/samples/concepts/snowshovel.xml">A
          good snow shovel has a straight, wide scoop and a strong handle. To help snow come off the
          scoop, spray the scoop with cooking spray.</p>
      </conbody>
      <related-links class="- topic/related-links " xtrc="related-links:1;13:18"
        xtrf="file:/X:/learningDITA/vortragMetadaten/beispiele/samples/concepts/snowshovel.xml">
        <link class="- topic/link " format="dita" href="#unique_6"
          ohref="eca91370c0b7f5fa317fc97c35cb3dfd9d237be7.xml" type="task" xtrc="link:1;14:73"
          xtrf="file:/X:/learningDITA/vortragMetadaten/beispiele/samples/concepts/snowshovel.xml">
          <?ditaot gentext?>
          <linktext class="- topic/linktext ">Shovelling snow</linktext>
          <?ditaot genshortdesc?>
          <desc class="- topic/desc ">Keep your driveway and sidewalks clear of snow and ice by
            shovelling after any snowfall.</desc>
        </link>
      </related-links>
    </concept>
    <concept class="- topic/topic concept/concept " ditaarch:DITAArchVersion="1.3"
      domains="(topic concept) (topic abbrev-d) a(props deliveryTarget) (topic equation-d) (topic hazard-d) (topic hi-d) (topic indexing-d) (topic markup-d) (topic mathml-d) (topic pr-d) (topic relmgmt-d) (topic sw-d) (topic svg-d) (topic ui-d) (topic ut-d) (topic markup-d xml-d)"
      id="unique_16" oid="toolboxconcept" xml:lang="en-us" xtrc="concept:1;6:47"
      xtrf="file:/X:/learningDITA/vortragMetadaten/beispiele/samples/concepts/toolbox.xml">
      <title class="- topic/title " xtrc="title:1;7:10"
        xtrf="file:/X:/learningDITA/vortragMetadaten/beispiele/samples/concepts/toolbox.xml">Tool
        box</title>
      <shortdesc class="- topic/shortdesc " xtrc="shortdesc:1;8:14"
        xtrf="file:/X:/learningDITA/vortragMetadaten/beispiele/samples/concepts/toolbox.xml">A tool
        box contains many compartments for organizing tools and hardware.</shortdesc>
      <prolog class="- topic/prolog ">
        <author class="- topic/author " xtrc="author:1;9:13"
          xtrf="file:/X:/learningDITA/vortragMetadaten/beispiele/samples/hierarchy.ditamap">Max
          Mustermann</author>
      </prolog>
      <conbody class="- topic/body  concept/conbody " xtrc="conbody:1;9:12"
        xtrf="file:/X:/learningDITA/vortragMetadaten/beispiele/samples/concepts/toolbox.xml">
        <p class="- topic/p " xtrc="p:1;10:8"
          xtrf="file:/X:/learningDITA/vortragMetadaten/beispiele/samples/concepts/toolbox.xml">Keep
          the tool box handy for all sorts of jobs around the house.</p>
      </conbody>
      <related-links class="- topic/related-links " xtrc="related-links:1;12:18"
        xtrf="file:/X:/learningDITA/vortragMetadaten/beispiele/samples/concepts/toolbox.xml">
        <link class="- topic/link " format="dita" href="#unique_17"
          ohref="8c718b1e94ba918d9e435324c1e58a930314c692.xml" type="concept" xtrc="link:1;13:58"
          xtrf="file:/X:/learningDITA/vortragMetadaten/beispiele/samples/concepts/toolbox.xml">
          <?ditaot gentext?>
          <linktext class="- topic/linktext ">Tools</linktext>
          <?ditaot genshortdesc?>
          <desc class="- topic/desc ">Invest in a good set of tools for doing all kinds of tasks
            around the house.</desc>
        </link>
        <link class="- topic/link " format="dita" href="#unique_5"
          ohref="4f1a52e8009306daef39af851cca74e4c1ce54e7.xml" type="task" xtrc="link:2;14:69"
          xtrf="file:/X:/learningDITA/vortragMetadaten/beispiele/samples/concepts/toolbox.xml">
          <?ditaot gentext?>
          <linktext class="- topic/linktext ">Organizing the workbench and tools</linktext>
          <?ditaot genshortdesc?>
          <desc class="- topic/desc ">Keep your garage neat by organizing the things you keep in the
            garage.</desc>
        </link>
      </related-links>
    </concept>
    <concept class="- topic/topic concept/concept " ditaarch:DITAArchVersion="1.3"
      domains="(topic concept) (topic abbrev-d) a(props deliveryTarget) (topic equation-d) (topic hazard-d) (topic hi-d) (topic indexing-d) (topic markup-d) (topic mathml-d) (topic pr-d) (topic relmgmt-d) (topic sw-d) (topic svg-d) (topic ui-d) (topic ut-d) (topic markup-d xml-d)"
      id="unique_17" oid="toolsconcept" xml:lang="en-us" xtrc="concept:1;6:45"
      xtrf="file:/X:/learningDITA/vortragMetadaten/beispiele/samples/concepts/tools.xml">
      <title class="- topic/title " xtrc="title:1;7:10"
        xtrf="file:/X:/learningDITA/vortragMetadaten/beispiele/samples/concepts/tools.xml"
        >Tools</title>
      <shortdesc class="- topic/shortdesc " xtrc="shortdesc:1;8:14"
        xtrf="file:/X:/learningDITA/vortragMetadaten/beispiele/samples/concepts/tools.xml">Invest in
        a good set of tools for doing all kinds of tasks around the house.</shortdesc>
      <prolog class="- topic/prolog ">
        <author class="- topic/author " xtrc="author:1;9:13"
          xtrf="file:/X:/learningDITA/vortragMetadaten/beispiele/samples/hierarchy.ditamap">Max
          Mustermann</author>
      </prolog>
      <conbody class="- topic/body  concept/conbody " xtrc="conbody:1;9:12"
        xtrf="file:/X:/learningDITA/vortragMetadaten/beispiele/samples/concepts/tools.xml">
        <p class="- topic/p " xtrc="p:1;10:8"
          xtrf="file:/X:/learningDITA/vortragMetadaten/beispiele/samples/concepts/tools.xml">Useful
          tools include the following items:</p>
        <ul class="- topic/ul " xtrc="ul:1;11:9"
          xtrf="file:/X:/learningDITA/vortragMetadaten/beispiele/samples/concepts/tools.xml">
          <li class="- topic/li " xtrc="li:1;12:11"
            xtrf="file:/X:/learningDITA/vortragMetadaten/beispiele/samples/concepts/tools.xml"
            >Hammer</li>
          <li class="- topic/li " xtrc="li:2;13:11"
            xtrf="file:/X:/learningDITA/vortragMetadaten/beispiele/samples/concepts/tools.xml">Screw
            driver set</li>
          <li class="- topic/li " xtrc="li:3;14:11"
            xtrf="file:/X:/learningDITA/vortragMetadaten/beispiele/samples/concepts/tools.xml"
            >Wrench set</li>
          <li class="- topic/li " xtrc="li:4;15:11"
            xtrf="file:/X:/learningDITA/vortragMetadaten/beispiele/samples/concepts/tools.xml">Nails
            and screws</li>
          <li class="- topic/li " xtrc="li:5;16:11"
            xtrf="file:/X:/learningDITA/vortragMetadaten/beispiele/samples/concepts/tools.xml"
            >Level</li>
          <li class="- topic/li " xtrc="li:6;17:11"
            xtrf="file:/X:/learningDITA/vortragMetadaten/beispiele/samples/concepts/tools.xml"
            >Saws</li>
          <li class="- topic/li " xtrc="li:7;18:11"
            xtrf="file:/X:/learningDITA/vortragMetadaten/beispiele/samples/concepts/tools.xml"
            >Drill</li>
          <li class="- topic/li " xtrc="li:8;19:11"
            xtrf="file:/X:/learningDITA/vortragMetadaten/beispiele/samples/concepts/tools.xml">Air
            pressure guage</li>
          <li class="- topic/li " xtrc="li:9;20:11"
            xtrf="file:/X:/learningDITA/vortragMetadaten/beispiele/samples/concepts/tools.xml"
            >Spade</li>
          <li class="- topic/li " xtrc="li:10;21:11"
            xtrf="file:/X:/learningDITA/vortragMetadaten/beispiele/samples/concepts/tools.xml"
            >Rake</li>
        </ul>
        <p class="- topic/p " xtrc="p:2;23:8"
          xtrf="file:/X:/learningDITA/vortragMetadaten/beispiele/samples/concepts/tools.xml">Keep
          your tools organized in a tool box.</p>
      </conbody>
      <related-links class="- topic/related-links " xtrc="related-links:1;25:18"
        xtrf="file:/X:/learningDITA/vortragMetadaten/beispiele/samples/concepts/tools.xml">
        <link class="- topic/link " format="dita" href="#unique_16"
          ohref="4d9400dcdb4d48d7f87d7c2e7059361b5d575c60.xml" type="concept" xtrc="link:1;26:60"
          xtrf="file:/X:/learningDITA/vortragMetadaten/beispiele/samples/concepts/tools.xml">
          <?ditaot gentext?>
          <linktext class="- topic/linktext ">Tool box</linktext>
          <?ditaot genshortdesc?>
          <desc class="- topic/desc ">A tool box contains many compartments for organizing tools and
            hardware.</desc>
        </link>
        <link class="- topic/link " format="dita" href="#unique_5"
          ohref="4f1a52e8009306daef39af851cca74e4c1ce54e7.xml" type="task" xtrc="link:2;27:69"
          xtrf="file:/X:/learningDITA/vortragMetadaten/beispiele/samples/concepts/tools.xml">
          <?ditaot gentext?>
          <linktext class="- topic/linktext ">Organizing the workbench and tools</linktext>
          <?ditaot genshortdesc?>
          <desc class="- topic/desc ">Keep your garage neat by organizing the things you keep in the
            garage.</desc>
        </link>
      </related-links>
    </concept>
    <concept class="- topic/topic concept/concept " ditaarch:DITAArchVersion="1.3"
      domains="(topic concept) (topic abbrev-d) a(props deliveryTarget) (topic equation-d) (topic hazard-d) (topic hi-d) (topic indexing-d) (topic markup-d) (topic mathml-d) (topic pr-d) (topic relmgmt-d) (topic sw-d) (topic svg-d) (topic ui-d) (topic ut-d) (topic markup-d xml-d)"
      id="unique_12" oid="waterhoseconcept" xml:lang="en-us" xtrc="concept:1;6:49"
      xtrf="file:/X:/learningDITA/vortragMetadaten/beispiele/samples/concepts/waterhose.xml">
      <title class="- topic/title " xtrc="title:1;7:10"
        xtrf="file:/X:/learningDITA/vortragMetadaten/beispiele/samples/concepts/waterhose.xml">Water
        hose</title>
      <shortdesc class="- topic/shortdesc " xtrc="shortdesc:1;8:14"
        xtrf="file:/X:/learningDITA/vortragMetadaten/beispiele/samples/concepts/waterhose.xml">A
        water hose is useful for cleaning and gardening projects around the yard.</shortdesc>
      <prolog class="- topic/prolog ">
        <author class="- topic/author " xtrc="author:1;9:13"
          xtrf="file:/X:/learningDITA/vortragMetadaten/beispiele/samples/hierarchy.ditamap">Max
          Mustermann</author>
      </prolog>
      <conbody class="- topic/body  concept/conbody " xtrc="conbody:1;9:12"
        xtrf="file:/X:/learningDITA/vortragMetadaten/beispiele/samples/concepts/waterhose.xml">
        <p class="- topic/p " xtrc="p:1;10:8"
          xtrf="file:/X:/learningDITA/vortragMetadaten/beispiele/samples/concepts/waterhose.xml"
          >Keep the hose coiled on a large hook near a water spout.</p>
      </conbody>
      <related-links class="- topic/related-links " xtrc="related-links:1;12:18"
        xtrf="file:/X:/learningDITA/vortragMetadaten/beispiele/samples/concepts/waterhose.xml">
        <link class="- topic/link " format="dita" href="#unique_11"
          ohref="e026d9ba045f7eb13072c9badd301f3b31303515.xml" type="task" xtrc="link:1;13:72"
          xtrf="file:/X:/learningDITA/vortragMetadaten/beispiele/samples/concepts/waterhose.xml">
          <?ditaot gentext?>
          <linktext class="- topic/linktext ">Washing the car</linktext>
          <?ditaot genshortdesc?>
          <desc class="- topic/desc ">Keep your car looking great by washing it regularly.</desc>
        </link>
      </related-links>
    </concept>
    <concept class="- topic/topic concept/concept " ditaarch:DITAArchVersion="1.3"
      domains="(topic concept) (topic abbrev-d) a(props deliveryTarget) (topic equation-d) (topic hazard-d) (topic hi-d) (topic indexing-d) (topic markup-d) (topic mathml-d) (topic pr-d) (topic relmgmt-d) (topic sw-d) (topic svg-d) (topic ui-d) (topic ut-d) (topic markup-d xml-d)"
      id="unique_18" oid="wheelbarrow" xml:lang="en-us" xtrc="concept:1;6:44"
      xtrf="file:/X:/learningDITA/vortragMetadaten/beispiele/samples/concepts/wheelbarrow.xml">
      <title class="- topic/title " xtrc="title:1;7:10"
        xtrf="file:/X:/learningDITA/vortragMetadaten/beispiele/samples/concepts/wheelbarrow.xml"
        >Wheel barrow</title>
      <shortdesc class="- topic/shortdesc " xtrc="shortdesc:1;8:14"
        xtrf="file:/X:/learningDITA/vortragMetadaten/beispiele/samples/concepts/wheelbarrow.xml">A
        good wheel barrow will save your back from extensive trauma when you garden.</shortdesc>
      <prolog class="- topic/prolog ">
        <author class="- topic/author " xtrc="author:1;9:13"
          xtrf="file:/X:/learningDITA/vortragMetadaten/beispiele/samples/hierarchy.ditamap">Max
          Mustermann</author>
      </prolog>
      <conbody class="- topic/body  concept/conbody " xtrc="conbody:1;9:12"
        xtrf="file:/X:/learningDITA/vortragMetadaten/beispiele/samples/concepts/wheelbarrow.xml"
      > </conbody>
    </concept>
    <concept class="- topic/topic concept/concept " ditaarch:DITAArchVersion="1.3"
      domains="(topic concept) (topic abbrev-d) a(props deliveryTarget) (topic equation-d) (topic hazard-d) (topic hi-d) (topic indexing-d) (topic markup-d) (topic mathml-d) (topic pr-d) (topic relmgmt-d) (topic sw-d) (topic svg-d) (topic ui-d) (topic ut-d) (topic markup-d xml-d)"
      id="unique_19" oid="workbenchconcept" xml:lang="en-us" xtrc="concept:1;6:49"
      xtrf="file:/X:/learningDITA/vortragMetadaten/beispiele/samples/concepts/workbench.xml">
      <title class="- topic/title " xtrc="title:1;7:10"
        xtrf="file:/X:/learningDITA/vortragMetadaten/beispiele/samples/concepts/workbench.xml"
        >Workbench</title>
      <shortdesc class="- topic/shortdesc " xtrc="shortdesc:1;8:14"
        xtrf="file:/X:/learningDITA/vortragMetadaten/beispiele/samples/concepts/workbench.xml">Use
        the workbench for storing tools and hardware, and for doing small projects.</shortdesc>
      <prolog class="- topic/prolog ">
        <author class="- topic/author " xtrc="author:1;9:13"
          xtrf="file:/X:/learningDITA/vortragMetadaten/beispiele/samples/hierarchy.ditamap">Max
          Mustermann</author>
      </prolog>
      <conbody class="- topic/body  concept/conbody " xtrc="conbody:1;9:13"
        xtrf="file:/X:/learningDITA/vortragMetadaten/beispiele/samples/concepts/workbench.xml"/>
      <related-links class="- topic/related-links " xtrc="related-links:1;10:18"
        xtrf="file:/X:/learningDITA/vortragMetadaten/beispiele/samples/concepts/workbench.xml">
        <link class="- topic/link " format="dita" href="#unique_5"
          ohref="4f1a52e8009306daef39af851cca74e4c1ce54e7.xml" type="task" xtrc="link:1;11:69"
          xtrf="file:/X:/learningDITA/vortragMetadaten/beispiele/samples/concepts/workbench.xml">
          <?ditaot gentext?>
          <linktext class="- topic/linktext ">Organizing the workbench and tools</linktext>
          <?ditaot genshortdesc?>
          <desc class="- topic/desc ">Keep your garage neat by organizing the things you keep in the
            garage.</desc>
        </link>
      </related-links>
    </concept>
    <concept class="- topic/topic concept/concept " ditaarch:DITAArchVersion="1.3"
      domains="(topic concept) (topic abbrev-d) a(props deliveryTarget) (topic equation-d) (topic hazard-d) (topic hi-d) (topic indexing-d) (topic markup-d) (topic mathml-d) (topic pr-d) (topic relmgmt-d) (topic sw-d) (topic svg-d) (topic ui-d) (topic ut-d) (topic markup-d xml-d)"
      id="unique_4" oid="wwfluidconcept" xml:lang="en-us" xtrc="concept:1;6:47"
      xtrf="file:/X:/learningDITA/vortragMetadaten/beispiele/samples/concepts/wwfluid.xml">
      <title class="- topic/title " xtrc="title:1;7:10"
        xtrf="file:/X:/learningDITA/vortragMetadaten/beispiele/samples/concepts/wwfluid.xml"
        >Windshield washer fluid</title>
      <shortdesc class="- topic/shortdesc " xtrc="shortdesc:1;8:14"
        xtrf="file:/X:/learningDITA/vortragMetadaten/beispiele/samples/concepts/wwfluid.xml"
        >Windshield washer fluid is required to keep your windshield wipers functioning
        properly.</shortdesc>
      <prolog class="- topic/prolog ">
        <author class="- topic/author " xtrc="author:1;9:13"
          xtrf="file:/X:/learningDITA/vortragMetadaten/beispiele/samples/hierarchy.ditamap">Max
          Mustermann</author>
        <author class="- topic/author " xtrc="author:2;44:17"
          xtrf="file:/X:/learningDITA/vortragMetadaten/beispiele/samples/hierarchy.ditamap">Maxim
          Musterfrau</author>
      </prolog>
      <conbody class="- topic/body  concept/conbody " xtrc="conbody:1;9:12"
        xtrf="file:/X:/learningDITA/vortragMetadaten/beispiele/samples/concepts/wwfluid.xml">
        <p class="- topic/p " xtrc="p:1;10:8"
          xtrf="file:/X:/learningDITA/vortragMetadaten/beispiele/samples/concepts/wwfluid.xml">Keep
          your car's windshield washer fluid topped up so you will have a clean windshield whatever
          the weather or insect population.</p>
      </conbody>
    </concept>
  </concept>
  <opentopic-index:index.groups>
    <opentopic-index:index.group>
      <opentopic-index:label>A</opentopic-index:label>
      <opentopic-index:index.entry value="accident prevention">
        <opentopic-index:formatted-value>accident prevention</opentopic-index:formatted-value>
        <opentopic-index:refID indexid="indexid-43781511" value="accident prevention:"/>
      </opentopic-index:index.entry>
    </opentopic-index:index.group>
    <opentopic-index:index.group>
      <opentopic-index:label>W</opentopic-index:label>
      <opentopic-index:index.entry value="winter">
        <opentopic-index:formatted-value>winter</opentopic-index:formatted-value>
        <opentopic-index:refID indexid="indexid1349960213" value="winter:"/>
      </opentopic-index:index.entry>
    </opentopic-index:index.group>
  </opentopic-index:index.groups>
</map>
