<?xml version="1.0" ?><stub><keydef keys="endUser" scope="local" format="dita" source="metadata-vocab.ditamap"></keydef><keydef keys="cleaner" scope="local" format="dita" source="metadata-vocab.ditamap"></keydef><keydef keys="audience-val" scope="local" format="dita" source="metadata-vocab.ditamap"></keydef><keydef keys="serviceTechnician" scope="local" format="dita" source="metadata-vocab.ditamap"></keydef><keydef keys="homeUser" scope="local" format="dita" source="metadata-vocab.ditamap"></keydef></stub>