<?xml version="1.0" encoding="utf-8"?><?workdir /X:\learningDITA\vortragMetadaten\beispiele\samples\concepts\temp\topic-pdf\concepts?><?workdir-uri file:/X:/learningDITA/vortragMetadaten/beispiele/samples/concepts/temp/topic-pdf/concepts/?><?path2project?><?path2project-uri ./?><?path2rootmap-uri ./?><?doctype-public -//OASIS//DTD DITA Concept//EN?><?doctype-system concept.dtd?><concept xmlns:ditaarch="http://dita.oasis-open.org/architecture/2005/" xmlns:dita-ot="http://dita-ot.sourceforge.net/ns/201007/dita-ot" id="wwfluidconcept" xml:lang="en-us" ditaarch:DITAArchVersion="1.3" domains="(topic concept)                            (topic abbrev-d)                            a(props deliveryTarget)                            (topic equation-d)                            (topic hazard-d)                            (topic hi-d)                            (topic indexing-d)                            (topic markup-d)                            (topic mathml-d)                            (topic pr-d)                            (topic relmgmt-d)                            (topic sw-d)                            (topic svg-d)                            (topic ui-d)                            (topic ut-d)                            (topic markup-d xml-d)   " class="- topic/topic concept/concept " xtrf="file:/X:/learningDITA/vortragMetadaten/beispiele/samples/concepts/wwfluid.xml" xtrc="concept:1;6:47">
  <title class="- topic/title " xtrf="file:/X:/learningDITA/vortragMetadaten/beispiele/samples/concepts/wwfluid.xml" xtrc="title:1;7:10">Windshield washer fluid</title>
  <shortdesc class="- topic/shortdesc " xtrf="file:/X:/learningDITA/vortragMetadaten/beispiele/samples/concepts/wwfluid.xml" xtrc="shortdesc:1;8:14">Windshield washer fluid is required to keep your windshield wipers functioning properly.</shortdesc>
  <conbody class="- topic/body  concept/conbody " xtrf="file:/X:/learningDITA/vortragMetadaten/beispiele/samples/concepts/wwfluid.xml" xtrc="conbody:1;9:12">
    <p class="- topic/p " xtrf="file:/X:/learningDITA/vortragMetadaten/beispiele/samples/concepts/wwfluid.xml" xtrc="p:1;10:8">Keep your car's windshield washer fluid topped up so you will have a clean windshield whatever the weather or
      insect population.</p>
  </conbody>
</concept>