<?xml version="1.0" encoding="UTF-8" standalone="yes"?><concept xmlns:ditaarch="http://dita.oasis-open.org/architecture/2005/" xmlns:dita-ot="http://dita-ot.sourceforge.net/ns/201007/dita-ot" xmlns:opentopic-index="http://www.idiominc.com/opentopic/index" class="- topic/topic concept/concept " ditaarch:DITAArchVersion="1.3" domains="(topic concept)                            (topic abbrev-d)                            a(props deliveryTarget)                            (topic equation-d)                            (topic hazard-d)                            (topic hi-d)                            (topic indexing-d)                            (topic markup-d)                            (topic mathml-d)                            (topic pr-d)                            (topic relmgmt-d)                            (topic sw-d)                            (topic svg-d)                            (topic ui-d)                            (topic ut-d)                            (topic markup-d xml-d)   " id="oilconcept" xml:lang="en-us" xtrc="concept:1;6:43" xtrf="file:/X:/learningDITA/vortragMetadaten/beispiele/samples/concepts/oil.xml">
  <title class="- topic/title " xtrc="title:1;7:10" xtrf="file:/X:/learningDITA/vortragMetadaten/beispiele/samples/concepts/oil.xml">Oil</title>
  <shortdesc class="- topic/shortdesc " xtrc="shortdesc:1;8:14" xtrf="file:/X:/learningDITA/vortragMetadaten/beispiele/samples/concepts/oil.xml">Motor oil keeps your car's engine running smoothly.</shortdesc>
  <prolog class="- topic/prolog " xtrc="prolog:1;9:11" xtrf="file:/X:/learningDITA/vortragMetadaten/beispiele/samples/concepts/oil.xml">
    <metadata class="- topic/metadata " xtrc="metadata:1;6:33" xtrf="file:/X:/learningDITA/vortragMetadaten/beispiele/samples/metadata_module.dita">
            <prodinfo class="- topic/prodinfo " xtrc="prodinfo:1;7:23" xtrf="file:/X:/learningDITA/vortragMetadaten/beispiele/samples/metadata_module.dita">
                <prodname class="- topic/prodname " xtrc="prodname:1;8:27" xtrf="file:/X:/learningDITA/vortragMetadaten/beispiele/samples/metadata_module.dita">Super Oil</prodname>
                <brand class="- topic/brand " xtrc="brand:1;9:24" xtrf="file:/X:/learningDITA/vortragMetadaten/beispiele/samples/metadata_module.dita">Oilix</brand>
                <series class="- topic/series " xtrc="series:1;10:25" xtrf="file:/X:/learningDITA/vortragMetadaten/beispiele/samples/metadata_module.dita">Motor Wellness</series>
            </prodinfo>            
        </metadata>
  </prolog>
  <conbody class="- topic/body  concept/conbody " xtrc="conbody:1;12:12" xtrf="file:/X:/learningDITA/vortragMetadaten/beispiele/samples/concepts/oil.xml">
    <p class="- topic/p " product="shinyBeamer" xtrc="p:1;13:30" xtrf="file:/X:/learningDITA/vortragMetadaten/beispiele/samples/concepts/oil.xml">Oil should be changed every 6000 kilometers.</p>
    <p class="- topic/p " product="oldRustee" xtrc="p:2;14:28" xtrf="file:/X:/learningDITA/vortragMetadaten/beispiele/samples/concepts/oil.xml">Oil should be changed every 10000 kilometers.</p>
    <p audience="serviceTechnician" class="- topic/p " xtrc="p:3;15:37" xtrf="file:/X:/learningDITA/vortragMetadaten/beispiele/samples/concepts/oil.xml">Don't change, just charge.</p>
  </conbody>
  <related-links class="- topic/related-links " xtrc="related-links:1;17:18" xtrf="file:/X:/learningDITA/vortragMetadaten/beispiele/samples/concepts/oil.xml">
    <link class="- topic/link " format="dita" href="../tasks/changingtheoil.xml" type="task" xtrc="link:1;18:73" xtrf="file:/X:/learningDITA/vortragMetadaten/beispiele/samples/concepts/oil.xml"><?ditaot gentext?><linktext class="- topic/linktext ">Changing the oil in your car</linktext><?ditaot genshortdesc?><desc class="- topic/desc ">Once every 6000 kilometers or three months, change the oil in your car.</desc></link>
  </related-links>
<opentopic-index:index.groups/></concept>