<?xml version="1.0" encoding="UTF-8"?><?workdir /X:\learningDITA\vortragMetadaten\beispiele\samples\temp\topic-xhtml\concepts?><?workdir-uri file:/X:/learningDITA/vortragMetadaten/beispiele/samples/temp/topic-xhtml/concepts/?><?path2project ..\?><?path2project-uri ../?><?path2rootmap-uri ../?><?doctype-public -//OASIS//DTD DITA Concept//EN?><?doctype-system concept.dtd?><concept xmlns:ditaarch="http://dita.oasis-open.org/architecture/2005/" xmlns:dita-ot="http://dita-ot.sourceforge.net/ns/201007/dita-ot" class="- topic/topic concept/concept " ditaarch:DITAArchVersion="1.3" domains="(topic concept)                            (topic abbrev-d)                            a(props deliveryTarget)                            (topic equation-d)                            (topic hazard-d)                            (topic hi-d)                            (topic indexing-d)                            (topic markup-d)                            (topic mathml-d)                            (topic pr-d)                            (topic relmgmt-d)                            (topic sw-d)                            (topic svg-d)                            (topic ui-d)                            (topic ut-d)                            (topic markup-d xml-d)   " id="conceptconcept" xml:lang="en-us" xtrc="concept:1;6:47" xtrf="file:/X:/learningDITA/vortragMetadaten/beispiele/samples/concepts/garageconceptsoverview.xml">
  <title class="- topic/title " xtrc="title:1;7:10" xtrf="file:/X:/learningDITA/vortragMetadaten/beispiele/samples/concepts/garageconceptsoverview.xml">Garage Concepts</title>
  <shortdesc class="- topic/shortdesc " xtrc="shortdesc:1;8:14" xtrf="file:/X:/learningDITA/vortragMetadaten/beispiele/samples/concepts/garageconceptsoverview.xml">A well-stocked garage can be the envy of the neighborhood.</shortdesc><prolog class="- topic/prolog "><author class="- topic/author " xtrc="author:1;9:13" xtrf="file:/X:/learningDITA/vortragMetadaten/beispiele/samples/hierarchy.ditamap">Max Mustermann</author></prolog>
  <conbody class="- topic/body  concept/conbody " xtrc="conbody:1;9:13" xtrf="file:/X:/learningDITA/vortragMetadaten/beispiele/samples/concepts/garageconceptsoverview.xml"/>
<related-links class="- topic/related-links "><linkpool class="- topic/linkpool " xtrc="topicref:9;31:108" xtrf="file:/X:/learningDITA/vortragMetadaten/beispiele/samples/hierarchy.ditamap"><linkpool class="- topic/linkpool " xtrc="topicref:9;31:108" xtrf="file:/X:/learningDITA/vortragMetadaten/beispiele/samples/hierarchy.ditamap"><link audience="endUser serviceTechnician" class="- topic/link " format="dita" href="../concepts/lawnmower.xml" mapclass="- map/topicref " role="child" scope="local" type="concept" xtrc="topicref:10;32:61" xtrf="file:/X:/learningDITA/vortragMetadaten/beispiele/samples/hierarchy.ditamap"><?ditaot usertext?><linktext class="- topic/linktext "><?ditaot gentext?>Lawnmower</linktext><?ditaot genshortdesc?><desc class="- topic/desc ">The lawnmower is a machine used to cut grass in the yard.</desc></link><link audience="endUser serviceTechnician" class="- topic/link " format="dita" href="../concepts/oil.xml" mapclass="- map/topicref " role="child" scope="local" type="concept" xtrc="topicref:11;33:55" xtrf="file:/X:/learningDITA/vortragMetadaten/beispiele/samples/hierarchy.ditamap"><?ditaot usertext?><linktext class="- topic/linktext "><?ditaot gentext?>Oil</linktext><?ditaot genshortdesc?><desc class="- topic/desc ">Motor oil keeps your car's engine running smoothly.</desc></link><link audience="endUser serviceTechnician" class="- topic/link " format="dita" href="../concepts/paint.xml" mapclass="- map/topicref " role="child" scope="local" type="concept" xtrc="topicref:12;34:57" xtrf="file:/X:/learningDITA/vortragMetadaten/beispiele/samples/hierarchy.ditamap"><?ditaot usertext?><linktext class="- topic/linktext "><?ditaot gentext?>Paint</linktext><?ditaot genshortdesc?><desc class="- topic/desc ">Paint is useful for refreshing the look of rooms and furniture.</desc></link><link audience="endUser serviceTechnician" class="- topic/link " format="dita" href="../concepts/shelving.xml" mapclass="- map/topicref " role="child" scope="local" type="concept" xtrc="topicref:13;35:60" xtrf="file:/X:/learningDITA/vortragMetadaten/beispiele/samples/hierarchy.ditamap"><?ditaot usertext?><linktext class="- topic/linktext "><?ditaot gentext?>Shelving</linktext><?ditaot genshortdesc?><desc class="- topic/desc ">Wooden or metal shelving is useful for storing things in the garage.</desc></link><link audience="endUser serviceTechnician" class="- topic/link " format="dita" href="../concepts/snowshovel.xml" mapclass="- map/topicref " role="child" scope="local" type="concept" xtrc="topicref:14;36:62" xtrf="file:/X:/learningDITA/vortragMetadaten/beispiele/samples/hierarchy.ditamap"><?ditaot usertext?><linktext class="- topic/linktext "><?ditaot gentext?>Snow shovel</linktext><?ditaot genshortdesc?><desc class="- topic/desc ">Use the snow shovel to clear the drive way and side walk of snow in the winter.</desc></link><link audience="endUser serviceTechnician" class="- topic/link " format="dita" href="../concepts/toolbox.xml" mapclass="- map/topicref " role="child" scope="local" type="concept" xtrc="topicref:15;37:59" xtrf="file:/X:/learningDITA/vortragMetadaten/beispiele/samples/hierarchy.ditamap"><?ditaot usertext?><linktext class="- topic/linktext "><?ditaot gentext?>Tool box</linktext><?ditaot genshortdesc?><desc class="- topic/desc ">A tool box contains many compartments for organizing tools and hardware.</desc></link><link audience="endUser serviceTechnician" class="- topic/link " format="dita" href="../concepts/tools.xml" mapclass="- map/topicref " role="child" scope="local" type="concept" xtrc="topicref:16;38:57" xtrf="file:/X:/learningDITA/vortragMetadaten/beispiele/samples/hierarchy.ditamap"><?ditaot usertext?><linktext class="- topic/linktext "><?ditaot gentext?>Tools</linktext><?ditaot genshortdesc?><desc class="- topic/desc ">Invest in a good set of tools for doing all kinds of tasks around the house.</desc></link><link audience="endUser serviceTechnician" class="- topic/link " format="dita" href="../concepts/waterhose.xml" mapclass="- map/topicref " role="child" scope="local" type="concept" xtrc="topicref:17;39:61" xtrf="file:/X:/learningDITA/vortragMetadaten/beispiele/samples/hierarchy.ditamap"><?ditaot usertext?><linktext class="- topic/linktext "><?ditaot gentext?>Water hose</linktext><?ditaot genshortdesc?><desc class="- topic/desc ">A water hose is useful for cleaning and gardening projects around the yard.</desc></link><link audience="homeUser endUser serviceTechnician" class="- topic/link " format="dita" href="../concepts/wheelbarrow.xml" mapclass="- map/topicref " role="child" scope="local" type="concept" xtrc="topicref:18;40:83" xtrf="file:/X:/learningDITA/vortragMetadaten/beispiele/samples/hierarchy.ditamap"><?ditaot usertext?><linktext class="- topic/linktext "><?ditaot gentext?>Wheel barrow</linktext><?ditaot genshortdesc?><desc class="- topic/desc ">A good wheel barrow will save your back from extensive trauma when you garden.</desc></link><link audience="homeUser" class="- topic/link " format="dita" href="../concepts/workbench.xml" mapclass="- map/topicref " role="child" scope="local" type="concept" xtrc="topicref:19;41:99" xtrf="file:/X:/learningDITA/vortragMetadaten/beispiele/samples/hierarchy.ditamap"><?ditaot usertext?><linktext class="- topic/linktext "><?ditaot gentext?>Workbench</linktext><?ditaot genshortdesc?><desc class="- topic/desc ">Use the workbench for storing tools and hardware, and for doing small projects.</desc></link><link audience="endUser serviceTechnician" class="- topic/link " format="dita" href="../concepts/wwfluid.xml" mapclass="- map/topicref " role="child" scope="local" type="concept" xtrc="topicref:20;42:58" xtrf="file:/X:/learningDITA/vortragMetadaten/beispiele/samples/hierarchy.ditamap"><?ditaot usertext?><linktext class="- topic/linktext "><?ditaot gentext?>Windshield washer fluid</linktext><?ditaot genshortdesc?><desc class="- topic/desc ">Windshield washer fluid is required to keep your windshield wipers functioning properly.</desc></link></linkpool></linkpool></related-links></concept>