<?xml version="1.0" encoding="UTF-8"?><?workdir /X:\learningDITA\vortragMetadaten\beispiele\samples\temp\topic-xhtml\concepts?><?workdir-uri file:/X:/learningDITA/vortragMetadaten/beispiele/samples/temp/topic-xhtml/concepts/?><?path2project ..\?><?path2project-uri ../?><?path2rootmap-uri ../?><?doctype-public -//OASIS//DTD DITA Concept//EN?><?doctype-system concept.dtd?><concept xmlns:ditaarch="http://dita.oasis-open.org/architecture/2005/" xmlns:dita-ot="http://dita-ot.sourceforge.net/ns/201007/dita-ot" class="- topic/topic concept/concept " ditaarch:DITAArchVersion="1.3" domains="(topic concept)                            (topic abbrev-d)                            a(props deliveryTarget)                            (topic equation-d)                            (topic hazard-d)                            (topic hi-d)                            (topic indexing-d)                            (topic markup-d)                            (topic mathml-d)                            (topic pr-d)                            (topic relmgmt-d)                            (topic sw-d)                            (topic svg-d)                            (topic ui-d)                            (topic ut-d)                            (topic markup-d xml-d)   " id="paintconcept" xml:lang="en-us" xtrc="concept:1;6:45" xtrf="file:/X:/learningDITA/vortragMetadaten/beispiele/samples/concepts/paint.xml">
  <title class="- topic/title " xtrc="title:1;7:10" xtrf="file:/X:/learningDITA/vortragMetadaten/beispiele/samples/concepts/paint.xml">Paint</title>
  <shortdesc class="- topic/shortdesc " xtrc="shortdesc:1;8:14" xtrf="file:/X:/learningDITA/vortragMetadaten/beispiele/samples/concepts/paint.xml">Paint is useful for refreshing the look of rooms and furniture.</shortdesc><prolog class="- topic/prolog "><author class="- topic/author " xtrc="author:1;9:13" xtrf="file:/X:/learningDITA/vortragMetadaten/beispiele/samples/hierarchy.ditamap">Max Mustermann</author></prolog>
  <conbody class="- topic/body  concept/conbody " xtrc="conbody:1;9:12" xtrf="file:/X:/learningDITA/vortragMetadaten/beispiele/samples/concepts/paint.xml">
    <p class="- topic/p " xtrc="p:1;10:8" xtrf="file:/X:/learningDITA/vortragMetadaten/beispiele/samples/concepts/paint.xml">Store unused paint in the garage.</p>
  </conbody>
  <related-links class="- topic/related-links " xtrc="related-links:1;12:18" xtrf="file:/X:/learningDITA/vortragMetadaten/beispiele/samples/concepts/paint.xml"><linkpool class="- topic/linkpool " xtrc="topicref:12;34:57" xtrf="file:/X:/learningDITA/vortragMetadaten/beispiele/samples/hierarchy.ditamap"><link audience="endUser serviceTechnician" class="- topic/link " format="dita" href="../concepts/garageconceptsoverview.xml" mapclass="- map/topicref " role="parent" scope="local" type="concept" xtrc="topicref:9;31:108" xtrf="file:/X:/learningDITA/vortragMetadaten/beispiele/samples/hierarchy.ditamap"><?ditaot usertext?><linktext class="- topic/linktext "><?ditaot gentext?>Garage Concepts</linktext><?ditaot genshortdesc?><desc class="- topic/desc ">A well-stocked garage can be the envy of the neighborhood.</desc></link></linkpool>
    <link class="- topic/link " format="dita" href="../tasks/spraypainting.xml" type="task" xtrc="link:1;13:72" xtrf="file:/X:/learningDITA/vortragMetadaten/beispiele/samples/concepts/paint.xml"><?ditaot gentext?><linktext class="- topic/linktext ">Spray painting</linktext><?ditaot genshortdesc?><desc class="- topic/desc ">When paint is applied using a spray nozzle, it is referred to as spray painting.</desc></link>
  </related-links>
</concept>