<?xml version="1.0" encoding="UTF-8"?><?workdir /X:\learningDITA\vortragMetadaten\beispiele\samples\temp\topic-xhtml\concepts?><?workdir-uri file:/X:/learningDITA/vortragMetadaten/beispiele/samples/temp/topic-xhtml/concepts/?><?path2project ..\?><?path2project-uri ../?><?path2rootmap-uri ../?><?doctype-public -//OASIS//DTD DITA Concept//EN?><?doctype-system concept.dtd?><concept xmlns:ditaarch="http://dita.oasis-open.org/architecture/2005/" xmlns:dita-ot="http://dita-ot.sourceforge.net/ns/201007/dita-ot" class="- topic/topic concept/concept " ditaarch:DITAArchVersion="1.3" domains="(topic concept)                            (topic abbrev-d)                            a(props deliveryTarget)                            (topic equation-d)                            (topic hazard-d)                            (topic hi-d)                            (topic indexing-d)                            (topic markup-d)                            (topic mathml-d)                            (topic pr-d)                            (topic relmgmt-d)                            (topic sw-d)                            (topic svg-d)                            (topic ui-d)                            (topic ut-d)                            (topic markup-d xml-d)   " id="wwfluidconcept" xml:lang="en-us" xtrc="concept:1;6:47" xtrf="file:/X:/learningDITA/vortragMetadaten/beispiele/samples/concepts/wwfluid.xml">
  <title class="- topic/title " xtrc="title:1;7:10" xtrf="file:/X:/learningDITA/vortragMetadaten/beispiele/samples/concepts/wwfluid.xml">Windshield washer fluid</title>
  <shortdesc class="- topic/shortdesc " xtrc="shortdesc:1;8:14" xtrf="file:/X:/learningDITA/vortragMetadaten/beispiele/samples/concepts/wwfluid.xml">Windshield washer fluid is required to keep your windshield wipers functioning properly.</shortdesc><prolog class="- topic/prolog "><author class="- topic/author " xtrc="author:1;9:13" xtrf="file:/X:/learningDITA/vortragMetadaten/beispiele/samples/hierarchy.ditamap">Max Mustermann</author><author class="- topic/author " xtrc="author:2;44:17" xtrf="file:/X:/learningDITA/vortragMetadaten/beispiele/samples/hierarchy.ditamap">Maxim Musterfrau</author></prolog>
  <conbody class="- topic/body  concept/conbody " xtrc="conbody:1;9:12" xtrf="file:/X:/learningDITA/vortragMetadaten/beispiele/samples/concepts/wwfluid.xml">
    <p class="- topic/p " xtrc="p:1;10:8" xtrf="file:/X:/learningDITA/vortragMetadaten/beispiele/samples/concepts/wwfluid.xml">Keep your car's windshield washer fluid topped up so you will have a clean windshield whatever the weather or
      insect population.</p>
  </conbody>
<related-links class="- topic/related-links "><linkpool class="- topic/linkpool " xtrc="topicref:20;42:58" xtrf="file:/X:/learningDITA/vortragMetadaten/beispiele/samples/hierarchy.ditamap"><link audience="endUser serviceTechnician" class="- topic/link " format="dita" href="../concepts/garageconceptsoverview.xml" mapclass="- map/topicref " role="parent" scope="local" type="concept" xtrc="topicref:9;31:108" xtrf="file:/X:/learningDITA/vortragMetadaten/beispiele/samples/hierarchy.ditamap"><?ditaot usertext?><linktext class="- topic/linktext "><?ditaot gentext?>Garage Concepts</linktext><?ditaot genshortdesc?><desc class="- topic/desc ">A well-stocked garage can be the envy of the neighborhood.</desc></link></linkpool></related-links></concept>